Week,"meio_transporte CARROCA,CAMINHAO 2017","meio_transporte CARRO,CAMINHAO 2018","meio_transporte CARROCA,CARRO,CAMINHAO 2018","meio_transporte OUTROS,METRO 2019","meio_transporte OUTROS,CARRO 2019","meio_transporte OUTROS,CARRO 2018",meio_transporte METRO 2019,meio_transporte METRO 2018,meio_transporte METRO 2017,meio_transporte CAMINHAO 2019,meio_transporte CAMINHAO 2018,meio_transporte CARROCA 2019,meio_transporte CARROCA 2018,"meio_transporte OUTROS,ONIBUS,CARROCA,CARRO,CAMINHAO 2019","meio_transporte OUTROS,ONIBUS,CARROCA,CARRO,CAMINHAO 2018","meio_transporte OUTROS,ONIBUS,CARROCA,CARRO,CAMINHAO 2017","meio_transporte ONIBUS,METRO,CARRO 2019","meio_transporte ONIBUS,METRO,CARRO 2018","meio_transporte ONIBUS,METRO,CARRO 2017","meio_transporte OUTROS,ONIBUS 2019","meio_transporte OUTROS,ONIBUS 2018","meio_transporte OUTROS,ONIBUS 2017","meio_transporte OUTROS,ONIBUS,CARRO,CAMINHAO 2019","meio_transporte OUTROS,ONIBUS,CARRO,CAMINHAO 2018","meio_transporte OUTROS,ONIBUS,CARRO,CAMINHAO 2017","meio_transporte ONIBUS,CARRO,CAMINHAO 2019","meio_transporte ONIBUS,CARRO,CAMINHAO 2018","meio_transporte ONIBUS,CARRO,CAMINHAO 2017","meio_transporte ONIBUS,CAMINHAO 2019","meio_transporte ONIBUS,CAMINHAO 2018","meio_transporte ONIBUS,CAMINHAO 2017","meio_transporte OUTROS,ONIBUS,CARRO 2019","meio_transporte OUTROS,ONIBUS,CARRO 2018","meio_transporte OUTROS,ONIBUS,CARRO 2017",meio_transporte OUTROS 2019,meio_transporte OUTROS 2018,meio_transporte OUTROS 2017,meio_transporte CARRO 2019,meio_transporte CARRO 2018,meio_transporte CARRO 2017,"meio_transporte ONIBUS,CARRO 2019","meio_transporte ONIBUS,CARRO 2018","meio_transporte ONIBUS,CARRO 2017",meio_transporte ONIBUS 2019,meio_transporte ONIBUS 2018,meio_transporte ONIBUS 2017,grupo_comunitario ASSOCIACAO 2019,grupo_comunitario ASSOCIACAO 2018,grupo_comunitario ASSOCIACAO 2017,grupo_comunitario GRUPO RELIGIOSO 2019,grupo_comunitario GRUPO RELIGIOSO 2018,grupo_comunitario GRUPO RELIGIOSO 2017,grupo_comunitario OUTROS 2019,grupo_comunitario OUTROS 2018,grupo_comunitario OUTROS 2017,grupo_comunitario COOPERATIVA 2019,grupo_comunitario COOPERATIVA 2018,grupo_comunitario COOPERATIVA 2017,grupo_comunitario NAO PARTICIPA 2019,grupo_comunitario NAO PARTICIPA 2018,grupo_comunitario NAO PARTICIPA 2017,fezes_urina FOSSA RUDIMENTAR 2018,"fezes_urina DIRETO PARA RIO, LAGO OU MAR 2019",fezes_urina FOSSA SÉPTICA 2019,fezes_urina FOSSA SÉPTICA 2018,fezes_urina FOSSA SÉPTICA 2017,fezes_urina CÉU ABERTO 2019,fezes_urina CÉU ABERTO 2018,fezes_urina CÉU ABERTO 2017,fezes_urina OUTROS 2019,fezes_urina OUTROS 2018,fezes_urina OUTROS 2017,fezes_urina SISTEMA DE ESGOTO 2019,fezes_urina SISTEMA DE ESGOTO 2018,fezes_urina SISTEMA DE ESGOTO 2017,destino_lixo CÉU ABERTO 2019,destino_lixo CÉU ABERTO 2018,destino_lixo CÉU ABERTO 2017,destino_lixo QUEIMADO/ENTERRADO 2019,destino_lixo QUEIMADO/ENTERRADO 2018,destino_lixo QUEIMADO/ENTERRADO 2017,destino_lixo OUTROS 2019,destino_lixo OUTROS 2018,destino_lixo OUTROS 2017,destino_lixo COLETADO 2019,destino_lixo COLETADO 2018,destino_lixo COLETADO 2017,tipo_habitacao TAIPA SEM REVESTIMENTO 2019,tipo_habitacao TAIPA SEM REVESTIMENTO 2018,tipo_habitacao TAIPA SEM REVESTIMENTO 2017,tipo_habitacao MATERIAL APROVEITADO 2019,tipo_habitacao MATERIAL APROVEITADO 2018,tipo_habitacao MATERIAL APROVEITADO 2017,tipo_habitacao TAIPA COM REVESTIMENTO 2019,tipo_habitacao TAIPA COM REVESTIMENTO 2018,tipo_habitacao TAIPA COM REVESTIMENTO 2017,tipo_habitacao PALHA  2017,tipo_habitacao TIJOLO ALVENARIA SEM REVESTIMENTO 2019,tipo_habitacao TIJOLO ALVENARIA SEM REVESTIMENTO 2018,tipo_habitacao TIJOLO ALVENARIA SEM REVESTIMENTO 2017,tipo_habitacao MADEIRA APARELHADA 2019,tipo_habitacao MADEIRA APARELHADA 2018,tipo_habitacao MADEIRA APARELHADA 2017,tipo_habitacao OUTRO MATERIAL 2019,tipo_habitacao OUTRO MATERIAL 2018,tipo_habitacao OUTRO MATERIAL 2017,tipo_habitacao TIJOLO/ALVENARIA COM REVESTIMENTO 2019,tipo_habitacao TIJOLO/ALVENARIA COM REVESTIMENTO 2018,tipo_habitacao TIJOLO/ALVENARIA COM REVESTIMENTO 2017,abastecimento CISTERNA 2019,abastecimento CISTERNA 2018,abastecimento POÇO ARTESIANO 2019,abastecimento POÇO ARTESIANO 2018,abastecimento POÇO ARTESIANO 2017,abastecimento OUTROS 2019,abastecimento OUTROS 2018,abastecimento OUTROS 2017,abastecimento REDE PÚBLICA 2019,abastecimento REDE PÚBLICA 2018,abastecimento REDE PÚBLICA 2017,tratamento_domicilio FERVURA 2019,tratamento_domicilio FERVURA 2018,tratamento_domicilio FERVURA 2017,tratamento_domicilio FILTRACAO 2019,tratamento_domicilio FILTRACAO 2018,tratamento_domicilio FILTRACAO 2017,tratamento_domicilio SEM TRATAMENTO 2019,tratamento_domicilio SEM TRATAMENTO 2018,tratamento_domicilio SEM TRATAMENTO 2017,tratamento_domicilio CLORACAO 2019,tratamento_domicilio CLORACAO 2018,tratamento_domicilio CLORACAO 2017,bairro VILA FELIZ                                         2017,bairro EMBU 2017,bairro JARDIM FLORENCA                                    2017,bairro JARDIM CRISTINA 2017,bairro JD BUENOS AIRES                                    2017,bairro TINDIQUERA                                         2017,bairro IPE                                                2017,bairro BUTIATUMIRIM 2017,bairro AFONSO PENA 02                                     2017,bairro VILA OTILIA 2017,bairro JARDIM MONZA                                       2017,bairro FERVIDA                                            2017,bairro QUISSISAMA                                         2017,bairro JARDIM RIO NEGRO 2017,bairro SITIO SIMON                                        2017,bairro CAMPINA DA BARRA                                   2017,bairro BOMFIN                                             2017,bairro VILA UNIAO                                         2017,bairro JARDIM CAMPO ALTO                                  2017,bairro ARRUDA 2017,bairro VILA ALTO PINHEIROS                                2017,bairro MAUA 2017,bairro VILA DAS PALMEIRAS                                 2018,bairro COLONIA SAO VENANCIO 2018,bairro JD IZAURA                                          2018,bairro DOM PEDRO                                          2018,bairro WEISPOLIS 2018,bairro CAPIVARI                                           2018,bairro RIO VERDE                                          2018,bairro RIO VERDE                                          2017,bairro MARACANA                                           2018,bairro MARACANA                                           2017,bairro JARDIM PINHAIS                                     2018,bairro PARQUE DA FONTE 2018,bairro JARDIM AMERICA 2018,bairro EUCALIPTUS                                         2018,bairro JARDIM HIGIENOPOLIS 2018,bairro BOICININGA 2018,bairro BAIRRO FERRARI                                     2018,bairro TRANQUEIRA                                         2018,bairro VL. MARIA ANTONIETA                                2018,bairro PLANTA KARLA                                       2018,bairro JARDIM CURITIBA                                    2018,bairro JARDIM GUARAITUBA.                                 2018,bairro JARDIM GUARAITUBA.                                 2017,bairro GRAMADO                                            2018,bairro THOMAZ COELHO                                      2018,bairro STO ANTONIO 2019,bairro ALTO DA GLORIA                                     2019,bairro COSTEIRA                                           2019,bairro COSTEIRA                                           2018,bairro COSTEIRA                                           2017,bairro PINEVILLE                                          2019,bairro VILA DAVID ANTONIO 2019,bairro OUTROS 2019,bairro OUTROS 2017,bairro GUATUPE                                            2019,bairro GUATUPE                                            2018,bairro BATEL                                              2019,bairro BATEL                                              2018,bairro BATEL                                              2017,bairro JARDIM ISAURA                                      2019,bairro JARDIM COLUMBIA                                    2019,bairro JARDIM MONTE KEMEL 2019,bairro VENEZA 2019,bairro VENEZA 2018,bairro VENEZA 2017,bairro BORDA DO CAMPO                                     2019,bairro JARDIM CLAUDIA                                     2019,bairro JARDIM BOTANICO                                    2019,bairro JARDIM BOTANICO                                    2018,bairro JARDIM BOTANICO                                    2017,bairro CABRAL                                             2019,bairro CABRAL                                             2018,bairro SANTA TEREZA                                       2019,bairro IRIRIU                                             2019,bairro ALEIXO 2019,bairro GABIROBAL 2019,bairro BOA VISTA 2019,bairro CAMPINA GDE DO SUL                                 2019,bairro JD GRAMADO 2019,bairro 0THOMAZ COELHO                                     2019,bairro TARUMA                                             2019,bairro TARUMA                                             2018,bairro JARDIM BOA VISTA I                                 2019,bairro JARDIM APUCARANA                                   2019,bairro JARDIM APUCARANA                                   2018,bairro VILA  GRAZIELA                                     2019,bairro VILA  GRAZIELA                                     2017,bairro JARDIM BOA VISTA II 2019,bairro JARDIM IPE 2019,bairro VILA PLANTA TANGUA                                 2019,bairro VILA PLANTA TANGUA                                 2017,bairro RIO PEQUENO                                        2019,bairro BAIRRO CACHOEIRA                                   2019,bairro BAIRRO CACHOEIRA                                   2018,bairro BAIRRO CACHOEIRA                                   2017,bairro BOM PASTOR 2019,bairro BOM PASTOR 2017,bairro PALOMA 2019,bairro IGUACU 2019,bairro EUCALIPITUS                                        2019,bairro EUCALIPITUS                                        2018,bairro EUCALIPITUS                                        2017,bairro CRUZEIRO                                           2019,bairro OSASCO                                             2019,bairro OSASCO                                             2018,bairro PIRAQUARA                                          2019,bairro JARDIM AGUA BOA                                    2019,bairro ROCA GRANDE 2019,bairro ROCA GRANDE 2018,bairro ROCA GRANDE 2017,bairro JARDIM VEIZOPOLIS                                  2019,bairro VILA TORRES 2019,bairro JARDIM MENINO DEUS                                 2019,bairro JARDIM SANTA MONICA                                2019,bairro ZONA RURAL                                         2019,bairro JARDIM BOA VISTA                                   2019,bairro CRISTO REI                                         2019,bairro CRISTO REI                                         2017,bairro CASCATINHA                                         2019,bairro CASCATINHA                                         2017,bairro CENTRO CIVICO                                      2019,bairro FATIMA 2019,bairro VILA DONA FINA                                     2019,bairro VILA DONA FINA                                     2018,bairro SAO MARCOS                                         2019,bairro JARDIM KELI CRISTINA                               2019,bairro JARDIM KELI CRISTINA                               2018,bairro PLANTA VILA NOVA 2018,bairro PLANTA VILA NOVA 2017,bairro JARDIM BOM PASTOR 2018,bairro JARDIM NOVA VENEZA                                 2018,bairro PARQUE SAO JOAO 2018,bairro FAZENDA VELHA                                      2019,bairro FAZENDA VELHA                                      2018,bairro VILA IZABEL                                        2019,bairro VILA IZABEL                                        2018,bairro VILA IZABEL                                        2017,bairro FERRARIA                                           2019,bairro FERRARIA                                           2018,bairro ATUBA 1                                            2018,bairro SEMINARIO                                          2019,bairro SEMINARIO                                          2018,bairro JARDIM LORENZETE 2018,bairro FERRARIA CAMPO LARGO                               2019,bairro FERRARIA CAMPO LARGO                               2018,bairro TANGUA 2019,bairro TANGUA 2018,bairro PALMITAL 2018,bairro AGUAS BELAS                                        2018,bairro JARDIM ADRIANO                                     2018,bairro BAIRRO GUATUPE                                     2018,bairro MARIA ANTONIETA                                    2018,bairro MARIA ANTONIETA                                    2017,bairro ESTADOS 2019,bairro ESTADOS 2018,bairro CAMPINA DO SIQUEIRA                                2019,bairro CAMPINA DO SIQUEIRA                                2018,bairro ALTO DA RUA XV                                     2019,bairro ALTO DA RUA XV                                     2018,bairro ALTO DA RUA XV                                     2017,bairro TABOAO                                             2019,bairro TABOAO                                             2018,bairro TABOAO                                             2017,bairro ALTO TARUMA 2019,bairro ALTO TARUMA 2018,bairro PICARRAS 2018,bairro CIDADE JARDIM                                      2019,bairro CIDADE JARDIM                                      2018,bairro BLANCO POMBO                                       2018,bairro PLANTA BOSQUE CENTENARIO 2018,bairro SAO LOURENCO                                       2019,bairro SAO LOURENCO                                       2018,bairro SAO LOURENCO                                       2017,bairro JD. WEISSOPOLIS                                    2018,bairro SAO SEBASTIAO 2019,bairro SAO SEBASTIAO 2018,bairro SAO SEBASTIAO 2017,bairro GUARANI                                            2018,bairro GUARANI                                            2017,bairro GRALHA AZUL                                        2019,bairro GRALHA AZUL                                        2018,bairro GRALHA AZUL                                        2017,bairro JARDIM KARLA 2018,bairro RIVIERA                                            2019,bairro RIVIERA                                            2018,bairro ROSEIRA                                            2018,bairro JARDIM GRAMADOS                                    2018,bairro STA TEREZINHA                                      2019,bairro STA TEREZINHA                                      2018,bairro NACOES 1                                           2018,bairro ALTO DA CRUZ  II 2018,bairro ALTO DA CRUZ  II 2017,bairro SAO JOAO                                           2019,bairro SAO JOAO                                           2018,bairro SAO JOAO                                           2017,bairro JARDIM AMELIA 2018,bairro VILA GILCY                                         2018,bairro DEL REY 2018,bairro SAO MIGUEL                                         2019,bairro SAO MIGUEL                                         2018,bairro SAO MIGUEL                                         2017,bairro BONFIM                                             2018,bairro SAO FRANCISCO                                      2019,bairro SAO FRANCISCO                                      2018,bairro SAO FRANCISCO                                      2017,bairro TINGUI                                             2019,bairro TINGUI                                             2018,bairro TINGUI                                             2017,bairro SAO DIMAS                                          2018,bairro SAO DIMAS                                          2017,bairro MERCES                                             2019,bairro MERCES                                             2018,bairro MERCES                                             2017,bairro LAMENHA GRANDE                                     2019,bairro LAMENHA GRANDE                                     2018,bairro NACOES                                             2019,bairro NACOES                                             2018,bairro NACOES                                             2017,bairro CAPELA VELHA                                       2019,bairro CAPELA VELHA                                       2018,bairro ORLEANS                                            2019,bairro ORLEANS                                            2018,bairro GUARITUBA 2019,bairro GUARITUBA 2018,bairro MONZA 2018,bairro MONZA 2017,bairro CAPAO DA IMBUIA 2019,bairro CAPAO DA IMBUIA 2018,bairro CAPAO DA IMBUIA 2017,bairro VILA BOM JESUS 2018,bairro BUTIATUVINHA 2019,bairro BUTIATUVINHA 2018,bairro BUTIATUVINHA 2017,bairro WEISSOPOLIS 2018,bairro WEISSOPOLIS 2017,bairro CAMPO PEQUENO                                      2018,bairro CAMPO PEQUENO                                      2017,bairro VILA BANCARIA                                      2018,bairro PRADO VELHO                                        2019,bairro PRADO VELHO                                        2018,bairro PRADO VELHO                                        2017,bairro HUGO LANGE                                         2017,bairro JUVEVE                                             2019,bairro JUVEVE                                             2018,bairro JUVEVE                                             2017,bairro LINDOIA                                            2019,bairro LINDOIA                                            2018,bairro LINDOIA                                            2017,bairro OUTROS                                             2018,bairro OUTROS                                             2017,bairro PORTAO                                             2019,bairro PORTAO                                             2018,bairro PORTAO                                             2017,bairro PAROLIN                                            2019,bairro PAROLIN                                            2018,bairro PAROLIN                                            2017,bairro AGUA VERDE 2019,bairro AGUA VERDE 2018,bairro AGUA VERDE 2017,bairro SANTO INACIO                                       2019,bairro SANTO INACIO                                       2018,bairro SANTO INACIO                                       2017,bairro FANNY                                              2019,bairro FANNY                                              2018,bairro FANNY                                              2017,bairro CAXIMBA                                            2019,bairro CAXIMBA                                            2018,bairro CAXIMBA                                            2017,bairro S.GABRIEL                                          2019,bairro S.GABRIEL                                          2018,bairro S.GABRIEL                                          2017,bairro BIGORRILHO 2019,bairro BIGORRILHO 2018,bairro BIGORRILHO 2017,bairro GANCHINHO                                          2019,bairro GANCHINHO                                          2018,bairro GANCHINHO                                          2017,bairro CENTRO                                             2019,bairro CENTRO                                             2018,bairro CENTRO                                             2017,bairro HAUER                                              2019,bairro HAUER                                              2018,bairro HAUER                                              2017,bairro AUGUSTA                                            2019,bairro AUGUSTA                                            2018,bairro AUGUSTA                                            2017,bairro GUARAITUBA                                         2019,bairro GUARAITUBA                                         2018,bairro GUARAITUBA                                         2017,bairro REBOUCAS                                           2019,bairro REBOUCAS                                           2018,bairro REBOUCAS                                           2017,bairro MOSSUNGUE                                          2019,bairro MOSSUNGUE                                          2018,bairro MOSSUNGUE                                          2017,bairro XAXIM                                              2019,bairro XAXIM                                              2018,bairro XAXIM                                              2017,bairro CAPINZAL                                           2017,bairro SANTA TEREZINHA                                    2019,bairro SANTA TEREZINHA                                    2018,bairro SANTA TEREZINHA                                    2017,bairro JAR.EUCALIPTOS                                     2017,bairro SANTA FELICIDADE 2019,bairro SANTA FELICIDADE 2018,bairro SANTA FELICIDADE 2017,bairro ABRANCHES                                          2019,bairro ABRANCHES                                          2018,bairro ABRANCHES                                          2017,bairro FAZENDINHA 2019,bairro FAZENDINHA 2018,bairro FAZENDINHA 2017,bairro NAO INFORMADO 2019,bairro NAO INFORMADO 2018,bairro NAO INFORMADO 2017,bairro IGUACU                                             2019,bairro IGUACU                                             2018,bairro IGUACU                                             2017,bairro BAIRRO ALTO 2019,bairro BAIRRO ALTO 2018,bairro BAIRRO ALTO 2017,bairro SANTA QUITERIA                                     2019,bairro SANTA QUITERIA                                     2018,bairro SANTA QUITERIA                                     2017,bairro JARDIM DAS AMERICAS                                2019,bairro JARDIM DAS AMERICAS                                2018,bairro JARDIM DAS AMERICAS                                2017,bairro SAO BRAZ                                           2019,bairro SAO BRAZ                                           2018,bairro SAO BRAZ                                           2017,bairro BOA VISTA                                          2019,bairro BOA VISTA                                          2018,bairro BOA VISTA                                          2017,bairro GUABIROTUBA 2019,bairro GUABIROTUBA 2018,bairro GUABIROTUBA 2017,bairro TATUQUARA                                          2019,bairro TATUQUARA                                          2018,bairro TATUQUARA                                          2017,bairro ATUBA                                              2019,bairro ATUBA                                              2018,bairro ATUBA                                              2017,bairro JARDIM MONTE SANTO 2019,bairro JARDIM MONTE SANTO 2017,bairro BOM RETIRO                                         2019,bairro BOM RETIRO                                         2018,bairro BOM RETIRO                                         2017,bairro PILARZINHO 2019,bairro PILARZINHO 2018,bairro PILARZINHO 2017,bairro CENTRO 2019,bairro CENTRO 2018,bairro CENTRO 2017,bairro UBERABA 2019,bairro UBERABA 2018,bairro UBERABA 2017,bairro NOVO MUNDO 2019,bairro NOVO MUNDO 2018,bairro NOVO MUNDO 2017,bairro CAMPO COMPRIDO                                     2019,bairro CAMPO COMPRIDO                                     2018,bairro CAMPO COMPRIDO                                     2017,bairro CAJURU 2019,bairro CAJURU 2018,bairro CAJURU 2017,bairro BARREIRINHA                                        2019,bairro BARREIRINHA                                        2018,bairro BARREIRINHA                                        2017,bairro BAIRRO NAO INFORMADO 2019,bairro BAIRRO NAO INFORMADO 2018,bairro BAIRRO NAO INFORMADO 2017,bairro BACACHERI 2019,bairro BACACHERI 2018,bairro BACACHERI 2017,bairro VISTA ALEGRE                                       2019,bairro VISTA ALEGRE                                       2018,bairro VISTA ALEGRE                                       2017,bairro SANTA CANDIDA                                      2019,bairro SANTA CANDIDA                                      2018,bairro SANTA CANDIDA                                      2017,bairro BAIRRO NAO INFORMADO                               2019,bairro BAIRRO NAO INFORMADO                               2018,bairro BAIRRO NAO INFORMADO                               2017,bairro UMBARA 2019,bairro UMBARA 2018,bairro UMBARA 2017,bairro BALNEARIO                                          2017,bairro CIDADE INDUSTRIAL 2019,bairro CIDADE INDUSTRIAL 2018,bairro CIDADE INDUSTRIAL 2017,bairro SAO GABRIEL                                        2018,bairro SAO GABRIEL                                        2017,bairro BOQUEIRAO                                          2019,bairro BOQUEIRAO                                          2018,bairro BOQUEIRAO                                          2017,bairro GUAIRA 2019,bairro GUAIRA 2018,bairro GUAIRA 2017,bairro CAPAO RASO 2019,bairro CAPAO RASO 2018,bairro CAPAO RASO 2017,bairro EUCALIPTOS                                         2019,bairro EUCALIPTOS                                         2018,bairro EUCALIPTOS                                         2017,bairro VARGEM GRANDE                                      2018,bairro VARGEM GRANDE                                      2017,bairro ALTO BOQUEIRAO 2019,bairro ALTO BOQUEIRAO 2018,bairro ALTO BOQUEIRAO 2017,bairro CACHOEIRA                                          2019,bairro CACHOEIRA                                          2018,bairro CACHOEIRA                                          2017,bairro AHU                                                2019,bairro AHU                                                2018,bairro AHU                                                2017,bairro SITIO CERCADO 2019,bairro SITIO CERCADO 2018,bairro SITIO CERCADO 2017,bairro CAMPO DE SANTANA                                   2019,bairro CAMPO DE SANTANA                                   2018,bairro CAMPO DE SANTANA                                   2017,bairro PINHEIRINHO                                        2019,bairro PINHEIRINHO                                        2018,bairro PINHEIRINHO                                        2017
1,,,,,1.0,,,,,,,,,,,,1.0,,,2.0,1.0,,,,,,,,2.0,,,1.0,,,2.0,,,1.0,1.0,3.0,17.0,22,20.0,24,20.0,41.0,,,3.0,3.0,3.0,4.0,10.0,8.0,6.0,,2.0,2.0,38,31,49.0,,,,1.0,2.0,,1.0,2.0,,,,51,42,60.0,,,,,,,,,,51,44,64.0,,,,,,1.0,,,,,,,,,5.0,12.0,,,,51,39,51.0,,,,1.0,,1.0,,2.0,50,43,62.0,,,2.0,8.0,7.0,19.0,28,23,29.0,15.0,14.0,14.0,,,,,,,,,2.0,,,,,,,,,,,,,2.0,1.0,,,,,1.0,,,,,,,,,,,,,,,,,,,,,,,,,,,,,,,,,,,,1.0,,,,,,,,,,,,,,,,,1.0,,,,,,,,,,,,,,,,,,,,,,,,,1.0,,,,,,,,,,,,,,,,,,,,,,,,,,,,,,,,,,,,,,,,,,,,,,,,,,,,,,2.0,,,,,,,,,,,,,,,,,,,,,,,,,,,,2.0,,,,,,,,,,,,,,,,,,,,,,,,,,,,,,,1.0,,,,,,1.0,,,,,,2.0,,,,,,,,,,1.0,,,,,,,,,4.0,,,2.0,,,,,,2.0,,2.0,,,,,,,,,2.0,,,,,,,,,2.0,,1.0,,1.0,,2.0,1.0,,,1.0,,,1.0,,2.0,,,,7.0,3.0,,,,,1.0,,1.0,,,,,,1.0,4.0,,,,3.0,,,,,2.0,2.0,,,,,,,,,,,,,,,,4.0,2.0,4.0,,,,,,,,,,2.0,,,,,3.0,2.0,1.0,4.0,5.0,,,1.0,2.0,4.0,,,,1.0,1.0,,2.0,2.0,,1.0,,,,,,2.0,2.0,1.0,,,1.0,1.0,6.0,,5.0,3.0,12.0,,,3.0,1.0,8.0,,1.0,,5.0,5.0,,1.0,,,,,3.0,2.0,1.0,,,2.0,,,,5.0,4.0,6.0,3.0,2.0,4.0,3.0,5.0,4.0
2,,,,,,,,,,,,1.0,1.0,,,,,,,,,,,,,,,,,1.0,,1.0,3.0,1.0,2.0,9.0,,,3.0,,10.0,12,7.0,29,35.0,21.0,,1.0,2.0,7.0,7.0,,5.0,12.0,3.0,1.0,2.0,,30,42,24.0,,,2.0,,,3.0,1.0,,1.0,2.0,,37,61,29.0,,1.0,,,,1.0,,3.0,,43,60,28.0,,1.0,,,,,1.0,,,,,3.0,,2.0,2.0,2.0,2.0,2.0,,38,56,27.0,,1.0,,,,,6.0,,43,57,29.0,,,,9.0,14.0,6.0,24,38,18.0,10.0,12.0,5.0,,,,,,,,,,,,,,,,,,,,,,,,,,,,,,,,,,,,,,,,,,,,,,,,,,,,,,,,,,,,,,,,,,,,,,,,,,,,,,1.0,1.0,,,,,,,,,,,,,1.0,,,,,,,,,,,,,,,,,,,,,,,,,,,,,,1.0,,,,,1.0,,,,,,,,1.0,,,,,,2.0,,,,,,,,,,,1.0,,,,,,,,,,,,,,,,,,,,,,,,,,,,,,,,,,,,,,,,,,,,,,,,,,,,,,,,,1.0,,,,,,,,,,,,1.0,,1.0,1.0,,,,,,2.0,,,,,,2.0,,,,,,,,,,,,,,,,,1.0,2.0,1.0,,,,,,,,,,,,,1.0,,,,,,,,,,1.0,,1.0,,,,,,,,,,,,,1.0,,1.0,1.0,,1.0,3.0,1.0,,,,,,,,,,,,1.0,,1.0,,2.0,,,,,,1.0,,2.0,,1.0,1.0,,,,,,,,,,,,3.0,2.0,8.0,,,,,,,,,,,1.0,,,,,1.0,,,11.0,,1.0,,1.0,,9.0,,,1.0,,2.0,1.0,,,,,,,,,2.0,4.0,,,1.0,5.0,1.0,,,13.0,8.0,2.0,,,5.0,4.0,1.0,1.0,1.0,,5.0,9.0,3.0,,,2.0,,,1.0,2.0,1.0,,,,,,,4.0,3.0,,,,2.0,4.0,4.0,3.0
3,,,,,,,,,,,,,,,,,,,,,,,,,1.0,,,,,,,,,,1.0,,,,,,2.0,4,2.0,3,2.0,4.0,,,,,,,2.0,,1.0,,,1.0,4,6,5.0,,,,1.0,,,,,1.0,,,5,5,7.0,,,,,,,,,,6,6,7.0,,,,,,,,,,,,,,1.0,,,,,,5,6,7.0,,,,,,,,,6,6,7.0,1.0,,,,2.0,1.0,4,2,3.0,1.0,2.0,3.0,,,,,,,,,,,,,,,,,,,,,,,,,,,,,,,,,,,,,,,,,,,,,,,,,,,,,,,,,,,,,,,,,,,,,,,,,,,,,,,,,,,,,,,,,,,,,,,,,,,,,,,,,,,,,,,,,,,,,,,,,,,,,,,,,,,,,,,,,,,,,,,,,,,,,,,,,,,,,,,,,,,,,,,,,,,,,,,,,,,,,,,,,,,,,,,,,,,,,,,,,,,,,,,,,,,,,,,,,,,,,,,,,,,,,,,,,,,,,,,,,,,,,,,,,,,,,,,,,,,,,,,,,,,,,,,,,,,,,,,,,,,,1.0,,,,,,,,,,,,,,,,,,,,,,,,,,,,,,,,1.0,,,,,,,,,,,,,,,,,,,,,,,3.0,,,,,,,,,,,,1.0,1.0,,,,,1.0,,,,2.0,,,,,1.0,,,,1.0,,,,,,,,,,,1.0,,,,,,,,,,1.0,,,,1.0,,1.0,,,,,,,,,,,,,,1.0,,,,,,,,,1.0,3.0,1.0,,,,
4,,,,,,,,,,,,,,,,,,,,,,,,,,,,,,,,,,1.0,7.0,,,1.0,,,1.0,2,6.0,8,,1.0,,,,,,1.0,6.0,,4.0,,,,11,2,3.0,,,,,,,,,,,,17,2,8.0,,,,,,,,,,17,2,8.0,,,,,,,,,,,1.0,,,1.0,,,,,,15,2,8.0,,,,,,,,,17,2,8.0,,,,4.0,,,12,2,8.0,1.0,,,,,,,,,,,,,,,,,,,,,,,,,,,,,,,,,,,,,,,,,,,,,,,,,,,,,,,,,,,,,,,,,,,,,,,,,,,,,,,,,,,,,,,,,,,,,,,,,,,,,,,,,,,,,,,,,,,,,,,,,,,,,,,,,,,,,,,,,,,,,,,,,,,,,,,,,,,,,,,,,,,,,,,,,,,,,,,,,,,,,,,,,,,,,,,,,,,,,,,,,,,,,,,,,,,,,,,,,,,,,,,,,,,,,,,,,,,,,,,,,,,,,,,,,,,,,,,,,,,,,,,,,,,,,,,,,,,,,,,,,,,,,,,,,,,,,,,,,,,,,,,,,,,,,,,,,,,,,,,,,,,,,1.0,,,,,,,,,,,,,,,,7.0,1.0,,,,,,,,,,,3.0,,,,,,,,,,,4.0,,,,,,,,,1.0,,,,,,,,,,,,,,,,,,,6.0,,2.0,,,,,3.0,,,,2.0,,,,,,,,,,,,,,,,,,,,3.0,,2.0,,,
5,,,,,,,,,,,,,,,,,,,,2.0,,,,,,,,,,,,1.0,,,,1.0,1.0,4.0,2.0,,4.0,8,7.0,7,9.0,40.0,,,,3.0,2.0,6.0,3.0,5.0,6.0,,,1.0,12,13,35.0,,,1.0,3.0,10.0,,,,,1.0,,17,16,38.0,,,,,,,,1.0,,18,19,48.0,,,,,,,,,,,,,,3.0,,3.0,3.0,2.0,2.0,12,18,43.0,,,,,,,5.0,,18,15,48.0,,,,3.0,5.0,5.0,10,14,38.0,5.0,1.0,5.0,,,,,,,,,,,,,,,,,,,,,,,,,,,,,,,,,,,,,,,,,,,,,,1.0,,,,,,,,,,,,,,,,,,,,,,,,,,,,,,,,,,,,,,,,,,,,,,,,,,,,,,,,,,,,,,,,,,,,,,,,,,,,,,,,,,,,,,,,,,,,,,,,,,,,,,,,,,,,,,,1.0,,,,,,,,,,,,,,,,,,,,,,,,,,,,,,,,,,,,,,,1.0,,,,,,,,,,,,,,,,,,,,,,,,2.0,,,,,,,,,,,,,,,,,,,,,,,,,,,,,,,,,,,,,,,,,1.0,,,,,,,,,3.0,,,,,,,,,,,,2.0,,,1.0,,,,,,,,,,1.0,,,,,5.0,,,,,,,,,,,,3.0,,,,,1.0,,,,,,,,,,,,,,,,,,,,,,11.0,,6.0,,,,,,,,,,8.0,,,,,,1.0,3.0,2.0,,2.0,,,,,,4.0,,2.0,1.0,,,,,,,,,,1.0,,,,,,1.0,1.0,4.0,,,1.0,1.0,,,,3.0,5.0,,,2.0,,2.0,,,,,,,,3.0,1.0,,,1.0,,,,,1.0,1.0,3.0,,6.0,,,4.0
6,,,,,,,,,,,,,,,,,,,,1.0,,,,,,,,,,,,8.0,,5.0,,3.0,1.0,2.0,1.0,3.0,20.0,14,27.0,32,39.0,28.0,4.0,2.0,1.0,11.0,4.0,7.0,12.0,9.0,10.0,2.0,,,34,42,46.0,1.0,,4.0,2.0,5.0,,3.0,,,,,59,51,59.0,,,,,,,,,,63,57,64.0,,,,1.0,1.0,,,,,,6.0,,,2.0,10.0,3.0,,1.0,,54,45,61.0,,,,,,1.0,,,62,57,64.0,,,,11.0,16.0,13.0,44,26,40.0,8.0,15.0,11.0,,,,,,,,,,,,,,,,,,,,,,,,,,,,,,,,,,,,,,,,,,,,,,,,,,,,,,,,,,,,,,,,,,,,,,,,,,,,,,,,,,,,,,1.0,,,,,,,,,,,,,,,,,,,,,,,,2.0,1.0,,,,,,,,,,,,,,,,,,,,,,,,,,,1.0,,,,,,,,,,,,,,,,,,1.0,,,,,,,,,,,,,,,,,,2.0,,,,,,,,,,,,,,,,,,,,,,,,,,,,,,,,,,,,,,,,,,,,1.0,,,,,,,,,,,,,,,,,,1.0,,,,,,,,,,,,1.0,,,,,2.0,1.0,,,,,,,,1.0,,,,,,,,,1.0,,,1.0,1.0,,,3.0,,,1.0,2.0,1.0,,,,,,,,,,,,,,,4.0,3.0,,,,,2.0,,2.0,1.0,1.0,,,1.0,3.0,1.0,5.0,,1.0,3.0,,1.0,,,,2.0,,,,,,,,,,,,,,,2.0,,1.0,2.0,,4.0,,,1.0,,,,1.0,1.0,,,,,,2.0,,1.0,9.0,5.0,1.0,3.0,2.0,1.0,2.0,1.0,1.0,2.0,1.0,2.0,1.0,,,,2.0,,,,1.0,,,,1.0,,4.0,1.0,1.0,,15.0,9.0,11.0,,,15.0,1.0,7.0,1.0,,,6.0,6.0,6.0,,,,,,5.0,4.0,2.0,,,,,,,,1.0,5.0,3.0,1.0,5.0,,5.0,5.0
7,,,1.0,1.0,,,,,,,,,,,,,,,,,1.0,,,,,,,,,,,1.0,1.0,,,1.0,,,,,,8,,5,11.0,,,,,,2.0,,,2.0,,1.0,,,6,19,,,,,,,,,,,2.0,,7,21,,,,,,,,,1.0,,7,22,,,,,,,,,,,,,,,1.0,3.0,,,1.0,,6,19,,,,,,,,1.0,,7,22,,,,,1.0,9.0,,6,11,,,3.0,,,,,,,,,,,,,,,,,,,,,,,,,,,,,,,,,,,,,,,,,,,,,,,,,,,,1.0,,,,,,,,,1.0,,,,,,,,,,,,,,,,,,,,,,,,,,,,,,,,,,,,,,,,,,,,,,,,,,,,,,,,,,,,,,,,,,,,,,,,,,,,,,,,,,,,,,,,,,,,,,,,,,,,,,,,,,,,,,,,,,,,,,,,,,,,,,,,,,,,,,,,,,,,,,,,,,,,,,,,,,,,,,,,,,,,,,,,,,,,,,,,,,,,,,,,,,,,,,,,,,,,,,,,,,,,,,,,,,,,,,,,,,,,,,,,,,,,,,,,,,,,,,,,,,,,,,1.0,,,,,,,3.0,,,,,,,,,2.0,,,,,,,,,,,,,,,,,3.0,2.0,,,,,,,,,,,,,,,,,,,,,,,,,,,,,,,,,,,,,,,,,2.0,,,,,,,,,2.0,5.0,,,,,2.0,,,,,2.0,2.0,,,,,,,,,,,1.0,,,,,,,,,2.0,,1.0,3.0,
8,,,,,,,,,,2.0,,,,,,,,,,,,,,,,,,,,,,2.0,,,,2.0,,1.0,2.0,,3.0,7,,6,11.0,,,,,,2.0,,1.0,4.0,,1.0,,,12,16,,,,2.0,1.0,,,,,,1.0,,12,20,,,,,,,,,1.0,,14,21,,,,,,,,,,,,,,,,4.0,,,2.0,,14,16,,,,,,,,1.0,,14,21,,,,,4.0,6.0,,10,12,,,4.0,,,,,,,,,,,,,,,,,,,,,,,,,,,,,,,,,,,,,,,,,,,,,,,,,,,,,,,,,,,,,,,,,,,,,,,,,,,,,,,,,,,,1.0,,,,,,,,,,,,,,,,,,,,,,,,,,,,,,,,,,,,,,,,,,,,,,,,,,,,,,,,,,,,,,,,,,,,,,,,,,,,,,,,,,,,,,,,,,,,,,,,,,,,,,,,,,,,,,,,,1.0,,,,,,,,,,,,,,,,,,,,,,,,,,,,,,,,,,,,,,,,,,,,,,,,,1.0,,,,,,,,,1.0,,,,,,,,,,,,,,,1.0,,,,,,,,,,,,,,2.0,,,,,,,,,,,,,,,1.0,1.0,,,,,,,,,,,,,,2.0,,,,,,,,,,,,,,,,,,,,,,,,,,,,,,,,,,,,,,1.0,,,,,,,,,,,1.0,,,,,,,,,,1.0,,,,,,,,,,,,,,,1.0,,,2.0,2.0,,,,,3.0,,,1.0,,7.0,4.0,,1.0,,,,,1.0,3.0,,,,,,,,,1.0,,,2.0,,,2.0,
9,,,,,,,,,,,,,,,,,,,,,1.0,1.0,,,,,,,,,,,,1.0,6.0,,3.0,,1.0,,7.0,7,21.0,9,9.0,24.0,,,,,,12.0,7.0,4.0,12.0,2.0,,2.0,13,14,24.0,,,,1.0,3.0,,1.0,2.0,4.0,,,18,16,45.0,,,,,1.0,,4.0,,,18,17,50.0,,,,,,1.0,,,,,,,3.0,1.0,1.0,9.0,4.0,,,17,17,37.0,,,,,,4.0,,2.0,18,18,48.0,,,,,3.0,2.0,15,13,39.0,7.0,2.0,9.0,,,,,,,,,,,,,,,,,,,,,,,,,,,,,,,,,,,,,,,,,,,,,,,,,,,,,,,,,,,,,,,,,,,,,,,,,,,,,,,,,,,,,,,,,,,,,,,,,,,,,,,,,,,,,,,,,,,,,,,,,,,,,,,,3.0,,,,,,,,,,,,,,,,,,,,,,,,,,,,,,,1.0,,,,,,,,,,,,,,,,,,,,,,,,,,,,,,,,,,,,,,,,,,,,,,,,,,,,,,,,,,,1.0,,,,,,,,,,,,,,,,,,,,,,,,,,,,,,1.0,,2.0,,,,,2.0,,,,,,,,,,,1.0,,,1.0,2.0,,,,,,,,1.0,,,,8.0,,,1.0,,,,,,,,,,,,,,1.0,2.0,,,,,,,,,,,,,,,,,,,,,,,,,,,,,,1.0,,,,,,1.0,,,2.0,,2.0,,,,,,,,,1.0,1.0,5.0,,,,1.0,1.0,6.0,,,2.0,,,,1.0,,2.0,,,,,,2.0,,,,,,,,,,,,,,2.0,2.0,,7.0,3.0,3.0,,,7.0,2.0,9.0,,,,,4.0,2.0,,,,,,,,6.0,,,,,,,,,3.0,4.0,,2.0,,1.0,1.0
10,,,,,,,,,,,,,,1.0,,,,,,1.0,,,,,,,,,,,,2.0,3.0,1.0,3.0,5.0,1.0,3.0,4.0,2.0,21.0,17,14.0,32,47.0,33.0,2.0,2.0,,9.0,7.0,8.0,8.0,9.0,10.0,3.0,2.0,,41,56,33.0,,,6.0,5.0,2.0,,1.0,,2.0,1.0,,55,69,49.0,,,,,,,,1.0,,63,75,51.0,,,,,,,,,,,1.0,,,11.0,10.0,3.0,2.0,3.0,1.0,49,63,47.0,,,,,,,1.0,2.0,63,75,49.0,,1.0,,9.0,24.0,12.0,43,40,36.0,11.0,11.0,3.0,,,,,,,,,,,,,,,,,,,,,,,,,,,,,,,,,,,,,,,,,,,,,,,,,,,,,,,,,,,,,,,,,,,,,,,,,,,,,,,,,,,,,,,,,,,,,,,,,,,,,,,,,,,,,,,1.0,,,,,,,,,,,,,,,,,,,,,,,,,,,,,,,,,,,,,,,1.0,,,,1.0,,,,,,,,,,,,,,,,,,,,,,,,,,,,,,,,,,,,,,1.0,,,,,,,,,,,,,,,,,,,,,,,,,,,,,,,,,,,,3.0,,,,,,,,,,,,,,,,,,,,3.0,2.0,,,,,3.0,,,1.0,,,,1.0,,2.0,,,,3.0,,,1.0,,,,,,,,,,1.0,1.0,,1.0,,2.0,,,,,,,,1.0,,,1.0,,4.0,2.0,,,,,,,,5.0,,,,,,2.0,6.0,,3.0,,,,,2.0,1.0,,1.0,1.0,,,,,1.0,1.0,,,,1.0,1.0,,,1.0,6.0,8.0,2.0,1.0,,,,4.0,,,1.0,3.0,4.0,,,,,5.0,,5.0,2.0,2.0,1.0,,,1.0,1.0,,2.0,,,1.0,1.0,1.0,,1.0,1.0,,,,1.0,,3.0,,,2.0,4.0,,1.0,,16.0,16.0,3.0,,,6.0,7.0,8.0,,,,5.0,4.0,5.0,1.0,,,,,,2.0,,,,,,,,4.0,5.0,10.0,1.0,3.0,11.0,9.0,7.0,3.0
11,,,,,,,,2.0,,,,,,,,,,,,,,,,,,,,,,1.0,,,1.0,2.0,1.0,1.0,,3.0,,,6.0,9,11.0,6,15.0,17.0,1.0,,,3.0,2.0,3.0,3.0,8.0,3.0,,,1.0,9,19,23.0,,,,,2.0,1.0,1.0,1.0,,2.0,,15,26,27.0,,,,,,,,,,16,29,30.0,,,,,,,,1.0,,,1.0,,,2.0,4.0,,,2.0,1.0,13,22,29.0,,,,,,,,,16,29,30.0,,,,3.0,5.0,4.0,12,17,19.0,1.0,7.0,7.0,,,,,,,,,,,,,,,,,,,,,,,,,,,,,,,,,,,,,,,,,,,,,,,,,,,,,,,,,,,,,,,,,,,,,,,,,,,,,,,,,,,,,,,,,,,,,,,,,,,,,,,,,,,,,,,,,,1.0,,,,,,,,,,,,,,,,,1.0,,,,,,,,,,,,,,,,,,,,,,,,,,,,1.0,,,,,,,,,,,,,,,1.0,,,,,,,,,,,,,,,,,,,,,,,,,,,,,,,,2.0,,,,,,,,,,,,,,,,,,,,,,,,,,,,,,,,,,,,,,,,,,,1.0,,,,,,,,,,,,,,,,,1.0,,,,,,,,,,,,,,1.0,,,2.0,,,,,,,,,,,,,,2.0,,1.0,2.0,,,,,,1.0,,,,,,,,,,,,,,,,,,,1.0,,,,,,,,,,,,,,,2.0,4.0,,,,,,,,,,3.0,,,,,2.0,,,1.0,,,2.0,,,,,2.0,,1.0,,1.0,,,,2.0,,,,,,1.0,1.0,,,,,,,,2.0,1.0,5.0,,,2.0,5.0,5.0,,1.0,,,,4.0,,,,,,,4.0,2.0,,,,,,,5.0,,,1.0,2.0,7.0,1.0,1.0,6.0
12,,,,,,,,,,,,,,,,,,,,,,3.0,,,,,,,,,,,3.0,1.0,1.0,1.0,2.0,2.0,2.0,7.0,4.0,7,25.0,7,10.0,30.0,1.0,,2.0,2.0,6.0,8.0,2.0,8.0,19.0,1.0,1.0,1.0,8,8,38.0,,,2.0,1.0,4.0,,,,1.0,1.0,,11,21,64.0,,,,,,,1.0,1.0,,13,22,68.0,,,,,,1.0,,,,,,3.0,2.0,,1.0,9.0,,1.0,1.0,14,18,55.0,,,,,,1.0,1.0,,13,22,68.0,,,4.0,3.0,7.0,11.0,9,12,42.0,2.0,4.0,11.0,,,,,,,,,,,,,,,,,,,,1.0,,,,,,,,,,,,,,,,,,,,,,,,,,,,,,,,,,,,,,,,,,,,,,,,,,,,,,,,,,,,,,,,,,,,,,,,,,,,,,,,,,,,,,,,,,,,,,,,,,,,,,,,,,,,,,,,,,,,,,,,,,,,,,,,,,,,,,,,,,,,,,,,,,,,,,,,,,,,,,,,,,,,,,,,,,,,,,,,,,,,,,,,,,,2.0,,,,,,,,,,,,,,,,,,,,,4.0,,,,,,,,,,,,,,,,,,,,,,,,2.0,,,,1.0,,,,,,,,,,,,,,,,,,,,,,,2.0,1.0,,,2.0,1.0,4.0,,,1.0,,,,,,,,,,1.0,,,,,,,,1.0,,,,,,,,,,,,,,,,,1.0,,,1.0,,,,2.0,,,,,,,,,,4.0,13.0,,,,,,,,,,2.0,2.0,,,,,,4.0,,1.0,5.0,1.0,,,1.0,,5.0,,,,,,2.0,,,,,,,,,1.0,,,2.0,,,2.0,,5.0,4.0,6.0,,,,7.0,5.0,,,,1.0,4.0,6.0,,,,,,2.0,,2.0,,,,,,,,2.0,2.0,,2.0,,,2.0,6.0
13,,,,,,,,,,,,,,,,,,1.0,,,,,,,,,,,,,,,1.0,1.0,,2.0,1.0,,,4.0,6.0,13,20.0,11,23.0,39.0,,,,,8.0,4.0,1.0,12.0,18.0,,,4.0,16,20,39.0,,,,1.0,2.0,,,6.0,,2.0,1.0,17,37,56.0,,,,,,,,2.0,1.0,17,38,64.0,,,,,,,,,,1.0,,1.0,1.0,,3.0,13.0,,2.0,1.0,17,34,49.0,,,,,,,2.0,2.0,17,38,63.0,,,,6.0,8.0,9.0,8,19,44.0,3.0,13.0,12.0,,,,,,,,,,,,,,,,,,,,,,,,,,,,,,,,,,,1.0,,,,,1.0,,,,,,,1.0,,,,,,,,,,,,,,,,,,,,,,,,,,,,,,,,,,,,,,,,,,,,,,,,,,,,,,,,,,,,,,,,,,,,,,,,,,,,,,,,,,,,,,1.0,,,,,,,,,,,,,,,,,,,,,,,,,,,,,,,,,,,,,,,,,,,,,,,,,,,,,,,,,,,,,,,,,,,,,,,,,,,,,,,,,,,,,,1.0,,2.0,,,,,,,,,,,,,,,,,,,,,,,,,,,,1.0,2.0,,,,1.0,,1.0,,,,,,,,,,,2.0,,,1.0,,,,,,,,,1.0,,,2.0,1.0,3.0,,,,1.0,,,,,2.0,,,,,1.0,4.0,4.0,,,,,,1.0,,,,,,,,,,,1.0,,,,,,,,,,,1.0,,1.0,,,,,,,,,1.0,1.0,9.0,1.0,,,,,,,,,6.0,3.0,,,,,,,,,4.0,,,,,,,,,2.0,,,,,,,,,,,1.0,1.0,,,,,,6.0,,9.0,2.0,7.0,,,,8.0,6.0,,1.0,2.0,2.0,5.0,7.0,,,,,,,,2.0,,,,,,,,4.0,4.0,1.0,,10.0,,4.0,5.0
14,,,,,,,,,,,,,,,,,,,,,,,1.0,,,,,,,,,3.0,2.0,1.0,1.0,1.0,4.0,1.0,5.0,5.0,22.0,22,25.0,38,37.0,49.0,1.0,1.0,1.0,5.0,9.0,2.0,11.0,11.0,10.0,2.0,1.0,3.0,47,45,68.0,,,3.0,7.0,8.0,1.0,3.0,,3.0,,3.0,59,57,73.0,,1.0,,,,1.0,1.0,,3.0,65,66,80.0,,,,,,,,,2.0,,3.0,1.0,2.0,5.0,7.0,8.0,1.0,3.0,3.0,57,56,69.0,,,,,,,,3.0,66,67,81.0,2.0,,2.0,15.0,13.0,16.0,25,40,49.0,24.0,14.0,17.0,,,,,,,,,,,,,,1.0,,,,,,,,,,,,,,,,,,,,,,,,,,,,,,,,,,,,,,,,,,,,,,,,,,,,,,,,,,,,,,,,,,,,,,,,,,,,,1.0,,,,,,,,,,,,,,1.0,,,,,,,,,,,,,1.0,,3.0,1.0,,,,,,,,,,,,,,,,,,2.0,,,,,,,,,,,,,,,,,,,,,,,,,,,,,,,,,,1.0,,,,,,,,,,,2.0,,,2.0,,,,,,,,,,,,,,,,,,,,,,,,,,1.0,2.0,,,,,,,,,,1.0,,,,,,,,,,,,,,,,,,,,,,,,,,,1.0,,2.0,,,,,,,,1.0,,,,,1.0,2.0,,1.0,4.0,,,,,,,,1.0,2.0,,3.0,,1.0,3.0,3.0,2.0,,,,,,,,4.0,,,,2.0,1.0,4.0,,,,,,,,,1.0,,,1.0,,2.0,,,,,,,1.0,,,,,,,,,3.0,1.0,,1.0,,,,,,3.0,5.0,9.0,,,,,,,,,1.0,8.0,3.0,,,2.0,1.0,1.0,1.0,4.0,4.0,3.0,1.0,,1.0,,5.0,,,,2.0,3.0,,,,,,,,,,,4.0,,,2.0,6.0,2.0,4.0,,12.0,8.0,9.0,,,4.0,5.0,7.0,,,2.0,8.0,5.0,2.0,,,,,,3.0,1.0,3.0,2.0,,,,,,4.0,4.0,4.0,5.0,1.0,11.0,6.0,8.0,2.0
15,,,,,,,,,,,,,,,,,,,,1.0,,,,,,,,,,,,1.0,2.0,5.0,,,4.0,2.0,3.0,3.0,7.0,18,15.0,9,21.0,42.0,,,1.0,1.0,5.0,2.0,5.0,5.0,18.0,1.0,1.0,1.0,13,33,47.0,,,,5.0,1.0,,3.0,,,,3.0,20,36,65.0,,,,,,,,,3.0,20,44,66.0,2.0,,,,,,,,,,1.0,,1.0,2.0,2.0,7.0,,,3.0,15,42,58.0,,,,,,,,3.0,20,44,66.0,1.0,,1.0,3.0,7.0,14.0,8,25,46.0,8.0,12.0,8.0,,,,,,,,,,,,,,,,,2.0,,,,,,,,,,,,,,,,,,,,,,,,,,,,,,,,,,,,,,,,,,,,,,,,,,,,,,,,,,,,,,,,,,,,,,,,,,,,,,,,,,,,,,,,,,,,,,,,,,,,,,,,,,,,,,,,,,,,,,,,,,,,,,,,,,,,,,,,,,,,,,,,,,,,,,,,,,,,,,,,,,,,,,,,,,,,,,,,1.0,,2.0,,,,,,,,,,,,,,,,,,,,,,,,,,,,,,,,,,,,,,,,,,,,,,1.0,1.0,,1.0,,,,,,1.0,,,1.0,1.0,,1.0,3.0,,,,,,,,,2.0,,,,,,,,,,,,,,,1.0,2.0,,1.0,3.0,,,,,,,,,,,,,1.0,,5.0,,,,,,,3.0,,,,,,,,,,,,,,,,1.0,,1.0,,,,,,,,,,,,,,1.0,3.0,20.0,,,1.0,,,2.0,,,,2.0,2.0,,,,,,4.0,3.0,1.0,2.0,,,,1.0,1.0,4.0,2.0,2.0,,,,,2.0,,,,,,,,,,,,1.0,2.0,3.0,,4.0,7.0,4.0,3.0,1.0,3.0,5.0,2.0,,,,3.0,9.0,4.0,,,,,,,1.0,2.0,,,1.0,,,,2.0,,7.0,,,2.0,2.0,2.0,3.0
16,,,,,,,,,,1.0,1.0,,,,,,,,,1.0,,,,,,,,1.0,2.0,1.0,,1.0,6.0,5.0,1.0,1.0,1.0,1.0,2.0,2.0,14.0,20,31.0,29,11.0,42.0,,,,4.0,4.0,5.0,8.0,7.0,19.0,2.0,2.0,1.0,36,29,57.0,,,6.0,3.0,4.0,,,2.0,2.0,1.0,,42,38,76.0,,,1.0,2.0,,,3.0,1.0,,45,41,81.0,,,,,2.0,,,,1.0,,5.0,2.0,2.0,6.0,3.0,14.0,4.0,1.0,,35,34,65.0,,,4.0,,,4.0,3.0,,42,39,82.0,2.0,,,13.0,5.0,7.0,29,23,62.0,6.0,14.0,13.0,,,,,,,,,,,,,,,,,,2.0,,,,,,,,,,,,,,,,,,,,,,,,,,,,,,,,,,,,,,,,,,,,,,,,,,,,,,,,,,,,,,,,,,,,,,,,,,,1.0,,,,,,,,,,,,,,,,,,,,,,,,,,,,2.0,,,,2.0,,,,,,,,,,,,,,,,,,,,,,,,,,,,,,,,,,,,,,,,,,1.0,,,,,,,,,,,,,,,,,,,,,,,,1.0,,,,,,,,,,1.0,,,,,,,,,,,,,,,,,,1.0,,,,2.0,,,,,,,,,,,,,,,,,,,,2.0,,,,1.0,,,,,,1.0,,1.0,3.0,,,,,,,,,,,,,1.0,,,,,,,,1.0,,3.0,,,4.0,,3.0,1.0,3.0,,,,,,,,,3.0,,,1.0,,1.0,,,,,,4.0,4.0,,,,,,,1.0,,,1.0,,,,2.0,2.0,,,,,,,,2.0,,,,,,,,,2.0,1.0,6.0,,,,,,,,,1.0,,2.0,,,,2.0,1.0,5.0,3.0,1.0,3.0,,,3.0,1.0,1.0,3.0,,,,,,4.0,,,,1.0,,,,,,,,,1.0,2.0,5.0,,9.0,4.0,10.0,,,4.0,16.0,10.0,,,,4.0,3.0,10.0,,,,,,,2.0,3.0,,,1.0,,,,1.0,1.0,8.0,,,13.0,2.0,2.0,8.0
17,,,,,,,,,,,1.0,,,,,,,,,1.0,1.0,,,,,,1.0,,,2.0,1.0,2.0,,5.0,,2.0,,2.0,3.0,2.0,21.0,14,31.0,27,20.0,32.0,4.0,,,2.0,7.0,9.0,9.0,11.0,8.0,2.0,1.0,,36,25,54.0,,,4.0,5.0,3.0,,,,,2.0,,49,37,68.0,,,,,,,,2.0,,53,42,71.0,,,2.0,,,1.0,,,,,1.0,1.0,3.0,5.0,5.0,3.0,,2.0,,47,36,62.0,,,,,,1.0,3.0,,52,41,71.0,,,,15.0,11.0,10.0,30,25,56.0,8.0,8.0,5.0,,,,,,,,,,,,,,,,,,,,,,,,,,,,,,,,,,,,,,,1.0,,,,,,,,,,,,,,,,,,,,,,,,,,,2.0,,,,,,,,,,,,,,,,,,,,,,,,,,,,,,,,,,,,,,,,,,,1.0,,,,1.0,,,,,,,,,,,,,,,,,,,,,,,,,,,,,,,,,,,,,,,,,,,,,,,,,,,,,,,,,,,,,,,,,,,,,,,,,,,,,,,,,,,,1.0,,,,,,,,,,,,,,,,,,,,,,,2.0,,,1.0,,,,,,,,1.0,,,,,,,1.0,,,,,,,,1.0,,,,,1.0,,,,,1.0,,,,,,,,,,2.0,,,,,,,,,,,,1.0,,,,,,1.0,2.0,,,,,,,,,2.0,1.0,,,1.0,2.0,6.0,,,1.0,,,2.0,,,,,,,1.0,3.0,,,3.0,,1.0,3.0,1.0,,,,,,,,,,,2.0,,1.0,2.0,,,,3.0,2.0,5.0,,,1.0,,,,,,1.0,4.0,1.0,,,,,1.0,6.0,6.0,2.0,4.0,,,,2.0,,2.0,,,,,2.0,,,,,,,,,,,,,,5.0,3.0,2.0,,16.0,9.0,14.0,,,4.0,4.0,13.0,1.0,,1.0,5.0,1.0,7.0,,,,,,3.0,6.0,3.0,,,,,2.0,,1.0,2.0,1.0,3.0,2.0,3.0,1.0,4.0,12.0
18,,,,,,,,,,,,,,,,,,,,,,2.0,,,,,,,,,,5.0,3.0,3.0,3.0,,2.0,,1.0,3.0,11.0,19,23.0,13,27.0,47.0,,3.0,,,10.0,6.0,5.0,7.0,16.0,4.0,,2.0,23,29,56.0,,,,7.0,3.0,,,2.0,1.0,,,31,43,75.0,,,,,1.0,,1.0,,,31,49,80.0,,,,,,,,,,,3.0,,,,9.0,9.0,1.0,,,28,41,71.0,,,,,,1.0,,2.0,31,50,78.0,1.0,1.0,,3.0,6.0,15.0,19,31,51.0,9.0,12.0,14.0,,,,,,,,,,,,,,,,,,,,,,,,,,,,,,,,,,,,,,,,,,,,,,,,,,,,,,,,,,,,,,,,,,,,,,,,,,,,,,,,,,,,,,,,,,,,,,,,,,,,,,,,,,,,,,,,,,,,1.0,,,,,,,,,,,,,,,,,,,,,,,,,,,,,,,,,,,,,,,,,,,,,,,,1.0,,,,,,,,,,,,,,,,,,,,,,,,,,1.0,,,,,,,,,,,,,,,,,,,,,,,,,,,,,,,,,,,,,,,,,,,,,,,,,,,,,,,,,,,,,,2.0,,1.0,,2.0,,,,,,,,,,,,,,,,,,,,,,,,2.0,,,1.0,2.0,,,,,,2.0,,,,3.0,,,,,3.0,8.0,,,,,,2.0,1.0,3.0,,,,,2.0,,,,5.0,1.0,,,1.0,1.0,,1.0,,,,,,,,,,,,,1.0,3.0,4.0,1.0,12.0,,2.0,,,,,,1.0,1.0,10.0,4.0,2.0,,1.0,,1.0,3.0,5.0,,8.0,1.0,,,,1.0,,,,,,,,,,,,1.0,,,2.0,,,1.0,,2.0,3.0,,,2.0,4.0,13.0,,,2.0,4.0,7.0,1.0,,,6.0,4.0,8.0,,,4.0,,,,1.0,1.0,,,,,,,1.0,1.0,2.0,3.0,5.0,6.0,,2.0,7.0
19,,,,,,,,,,,,,,,,,,,,,1.0,,,,,,,,,2.0,,7.0,4.0,3.0,3.0,4.0,1.0,6.0,4.0,5.0,17.0,13,9.0,35,35.0,24.0,,,,13.0,1.0,1.0,11.0,16.0,13.0,3.0,2.0,,41,44,28.0,,,5.0,3.0,1.0,1.0,2.0,,1.0,2.0,2.0,61,56,39.0,,,,,,,,2.0,,68,61,42.0,,,,,,,,,,,,1.0,3.0,8.0,6.0,6.0,1.0,,2.0,59,56,31.0,,,,,,1.0,2.0,,67,61,42.0,,1.0,,13.0,7.0,11.0,41,42,23.0,14.0,13.0,8.0,,,,,,,,,,,,,,,,,,,1.0,,,,,,,,,,,,,,,,,,,,,,,,,,,,,,,,,,,,,,,,,,,,,,,,,,,,,,,,,,,,,,,,,,,,,,,,,,,,,,,,,,,,,,,,,,,,,,,,,,,,1.0,,,,,,,,,,,,,1.0,,,,2.0,,,,,,,,1.0,,,,,,,,,,,,,,,,,1.0,,,,,,,,,,,,,,,,1.0,,,,,,,1.0,,,,,1.0,,,,,,,2.0,,,,,,,,,1.0,,,,,,,1.0,,,,,,,,,,,,,,,,,1.0,,,,,,,,,,,,,,2.0,,,,2.0,,,,,,,,,,1.0,,1.0,,,,,,,1.0,,,,,,,,,,,,,1.0,1.0,,,3.0,,3.0,,,,,,,,1.0,,,,1.0,1.0,,1.0,,,,,2.0,1.0,1.0,,,,,1.0,2.0,2.0,1.0,,1.0,1.0,,,,,,,,,,,1.0,,2.0,,,1.0,,,,,5.0,14.0,3.0,,,,,,,,,1.0,2.0,,,1.0,,2.0,5.0,,3.0,3.0,,2.0,,,,,,2.0,,2.0,2.0,1.0,,1.0,1.0,,2.0,1.0,1.0,,,1.0,,,,3.0,1.0,,,9.0,7.0,3.0,,,6.0,7.0,12.0,,1.0,,8.0,7.0,3.0,1.0,,,,,6.0,,3.0,,,,,2.0,,2.0,2.0,3.0,3.0,6.0,1.0,6.0,4.0,2.0
20,,1.0,,,,,,,2.0,,,,,,,,,,,1.0,1.0,,,,,,,,2.0,1.0,,3.0,6.0,3.0,2.0,2.0,4.0,5.0,9.0,5.0,35.0,61,30.0,59,72.0,86.0,,1.0,,7.0,10.0,8.0,19.0,37.0,30.0,5.0,4.0,,76,101,92.0,,,7.0,6.0,8.0,1.0,1.0,1.0,1.0,2.0,2.0,98,144,119.0,,,,,,,1.0,1.0,2.0,106,152,128.0,,,,,,,,,,,1.0,5.0,1.0,4.0,16.0,5.0,5.0,3.0,5.0,97,129,119.0,,,,,,1.0,6.0,4.0,106,147,126.0,,2.0,,15.0,26.0,27.0,66,100,77.0,26.0,25.0,26.0,,,,,,,,,,,,1.0,,,,2.0,,,1.0,,,2.0,,,,,,,,,,,,,,,,,,,,,,,,,,,,,,,,,,,1.0,,,,,,,,,,,,,,,,,,,,,,,,,,,,,,,,,,,,,,,,1.0,,,,,,,,,,2.0,,,,1.0,,,,,,,,,,,,1.0,,,,,,,,,,,,,,,,,,,,,,,,,,,,,,,2.0,,,,,,,,,,,,,,,,,,,,,2.0,,,,,,2.0,,,,,,,,,,,,,,1.0,,,,,,1.0,,,,,1.0,,,,2.0,,,,,,1.0,,,,,,,,,,,,,1.0,4.0,3.0,,1.0,,,2.0,,,,,,,1.0,,,,,,,2.0,,,1.0,,4.0,,,,,,,,,,,,,1.0,1.0,3.0,,,,,1.0,,1.0,2.0,1.0,,2.0,,8.0,2.0,,,,,,,,,,,1.0,,,1.0,4.0,2.0,,,,,,1.0,1.0,,,2.0,,1.0,,1.0,,1.0,,,,,2.0,2.0,3.0,,,,,,,1.0,,,,1.0,1.0,1.0,,,2.0,12.0,17.0,1.0,,,,,1.0,,,6.0,8.0,5.0,,,,4.0,12.0,,11.0,20.0,7.0,5.0,1.0,,3.0,3.0,8.0,,,2.0,,1.0,6.0,1.0,,2.0,,,,1.0,3.0,2.0,,,,,5.0,2.0,,18.0,17.0,12.0,,,20.0,20.0,17.0,,,,8.0,11.0,5.0,,,,,,6.0,5.0,2.0,1.0,1.0,1.0,,,2.0,3.0,15.0,16.0,1.0,6.0,8.0,6.0,6.0,11.0
21,1.0,,,,,,,,,,,,,,2.0,,,2.0,,1.0,,2.0,,,,,,1.0,,4.0,,3.0,6.0,6.0,11.0,3.0,4.0,6.0,3.0,6.0,41.0,70,26.0,53,91.0,54.0,,1.0,2.0,14.0,17.0,10.0,23.0,32.0,18.0,2.0,6.0,2.0,76,125,68.0,,,1.0,6.0,5.0,,2.0,2.0,5.0,2.0,4.0,109,171,89.0,,,,,2.0,,1.0,3.0,2.0,114,176,98.0,,,,,,,,,,,3.0,2.0,2.0,8.0,17.0,20.0,2.0,4.0,4.0,102,158,74.0,,,,,,1.0,4.0,2.0,114,177,98.0,2.0,,,22.0,26.0,24.0,67,118,61.0,24.0,37.0,15.0,,,,,,,,,,,2.0,,2.0,,2.0,,,,,,,,,,,,,,,,,,1.0,1.0,,1.0,,,,,3.0,,,,,,,,,,,,,,,,,2.0,1.0,1.0,,,1.0,,,,,,,,,,,,,,,,,,,,,,,,,,,,,,,,,,,,,,,,,,,,,,,,,,,,,,,,,,,,2.0,1.0,,,,,,,,,,,,,,,,,,,,,,,,,,,,,,,,,,,,,,,,,,,,,,,,,,,1.0,,,,,,,,,,,,,,,,,,,,,,,,,,,1.0,,,,,,,,1.0,,,,1.0,,,,,,,,,2.0,1.0,,2.0,,,,2.0,,,2.0,1.0,1.0,1.0,,,,,1.0,,,,,,,,,,,,3.0,2.0,,,,2.0,1.0,1.0,2.0,,,,,,,,,2.0,,,,,,,1.0,,1.0,3.0,,2.0,1.0,1.0,1.0,1.0,,,,,,,1.0,,,1.0,,2.0,9.0,5.0,,,1.0,,,2.0,,2.0,1.0,,,2.0,1.0,2.0,3.0,1.0,3.0,,,,4.0,3.0,,,,,,,,2.0,1.0,2.0,4.0,1.0,,1.0,,,4.0,11.0,13.0,1.0,1.0,,2.0,,,,,3.0,4.0,8.0,,3.0,2.0,4.0,5.0,4.0,1.0,6.0,4.0,2.0,3.0,2.0,2.0,26.0,,3.0,2.0,,1.0,3.0,2.0,1.0,2.0,1.0,3.0,,,3.0,3.0,,,3.0,,5.0,8.0,6.0,,29.0,20.0,6.0,,,14.0,13.0,12.0,,1.0,,9.0,16.0,16.0,,,,1.0,,6.0,6.0,5.0,,,,,1.0,,4.0,16.0,8.0,1.0,6.0,5.0,,24.0,15.0
22,,,,,,,,,,,,,,,,,1.0,1.0,,,4.0,,,,,,,,,,,1.0,4.0,1.0,6.0,3.0,,5.0,6.0,7.0,29.0,55,33.0,64,82.0,38.0,2.0,1.0,1.0,9.0,25.0,7.0,28.0,20.0,5.0,,4.0,6.0,67,105,60.0,,,7.0,9.0,2.0,5.0,1.0,,1.0,,,93,145,77.0,,2.0,,,,,,,,106,153,79.0,,,,,2.0,1.0,,,,,2.0,2.0,2.0,10.0,15.0,11.0,1.0,2.0,2.0,93,134,63.0,,,3.0,,,3.0,,,100,155,79.0,1.0,1.0,2.0,24.0,27.0,18.0,53,97,41.0,28.0,30.0,18.0,,,,,,,,,,,,,,,,,,,,,,,,,,,,,,,1.0,,,,,,2.0,,,,,,,,,,,,,,,,,,,,,,1.0,,,1.0,,,,1.0,,,,,2.0,,,,,,,,,,,,,,,,,,,,,,,,,,,,,,,,,,,,,1.0,,,,,,,,,,,1.0,,,,,,,,,,,,,,,,,,1.0,,,,,,1.0,,,,,,,,,,,,,,4.0,1.0,,,,,,,,,,,,,,,,,,,,,,2.0,,,1.0,,,,,,,,2.0,,,,,,,,,,3.0,,,,,,,,,,,,,,,,,,,2.0,,,,1.0,,,,,,,,,,,,,,,,,,,,,,,,2.0,,,,,,1.0,,,1.0,,1.0,3.0,,,1.0,,,,2.0,,1.0,,,,,,1.0,,3.0,,,,,2.0,4.0,3.0,,1.0,,,,,,,,,,1.0,,2.0,4.0,8.0,,,,,,7.0,,,,,,4.0,2.0,,1.0,3.0,4.0,,,,1.0,2.0,3.0,,,,,,,1.0,1.0,1.0,,,,2.0,,,5.0,17.0,5.0,,3.0,,,,,,,5.0,5.0,3.0,,,2.0,2.0,6.0,,3.0,6.0,5.0,3.0,1.0,,2.0,12.0,,3.0,1.0,,,1.0,,,,,,,1.0,,6.0,,,,,1.0,5.0,5.0,,20.0,19.0,10.0,4.0,,11.0,11.0,11.0,,3.0,1.0,1.0,11.0,15.0,,,,,,2.0,9.0,1.0,,,,,,,10.0,7.0,4.0,9.0,12.0,8.0,2.0,13.0,8.0
23,,,,,1.0,,,,,,,,,,,,,,,,,,,,,,,,3.0,,2.0,1.0,5.0,4.0,5.0,1.0,5.0,,2.0,2.0,21.0,28,23.0,37,34.0,62.0,,2.0,,5.0,13.0,11.0,12.0,8.0,13.0,2.0,3.0,8.0,49,44,66.0,,,,6.0,6.0,,1.0,2.0,1.0,,2.0,67,63,88.0,,,,,,,2.0,,,66,70,98.0,,,,,1.0,,,,,,2.0,4.0,,3.0,5.0,8.0,1.0,1.0,,62,59,90.0,,,,,,1.0,1.0,2.0,67,69,96.0,1.0,,2.0,12.0,11.0,19.0,42,46,58.0,13.0,13.0,19.0,,,,,,,,,,,,,,,,,,,,,,,,,,,1.0,,,,,,,,,,,,,,,,,,,,,,,,,,,,,,,,,,,,,,,,,,,,,,,,,,,,,,,,,,,,,,,,,,,,,,,,,,,,,,,,,,,,,,,,,,,,,,,,,,,,,,,,,,,,,,,,,,,,,,,,,,,,,,,,,,,1.0,,,,,,,,,2.0,,,,,,,,,,,,,,,,,,,,,,,,,,,,1.0,1.0,,2.0,,,,,,,,,,,,,,,,,,,,,,,,,,,,,,,,2.0,,,,,,,,1.0,1.0,,,,,,,,,,,,,,1.0,3.0,,,,,,,,,,,,,,2.0,,3.0,,1.0,,,,,,,,1.0,,2.0,,4.0,1.0,,,,,,,,1.0,2.0,,,,3.0,2.0,2.0,,,,,,,1.0,,1.0,,,2.0,,4.0,1.0,,3.0,,,,,,,,2.0,,,,,3.0,2.0,,,,3.0,,,,4.0,4.0,13.0,,,,,,2.0,,,1.0,1.0,1.0,,,,4.0,2.0,5.0,7.0,3.0,5.0,3.0,1.0,,,3.0,4.0,,,,,,2.0,,,,,,1.0,1.0,,5.0,,1.0,,4.0,1.0,2.0,,14.0,10.0,19.0,,,5.0,3.0,13.0,,1.0,1.0,11.0,20.0,15.0,,,2.0,,,,,7.0,,,,,,,4.0,1.0,7.0,,2.0,10.0,3.0,2.0,4.0
24,,,,,,,1.0,,,,,,,,,,,1.0,,,,,,,2.0,,,,,,,3.0,2.0,4.0,4.0,7.0,2.0,5.0,5.0,,36.0,29,25.0,44,59.0,69.0,2.0,2.0,2.0,9.0,6.0,8.0,14.0,20.0,7.0,2.0,4.0,5.0,66,71,80.0,,,5.0,6.0,11.0,1.0,1.0,2.0,,1.0,,87,95,89.0,,,,,,,,,,93,103,102.0,,,,,,,1.0,,,,,1.0,3.0,7.0,8.0,15.0,,,,85,94,84.0,,,,2.0,2.0,2.0,,,91,101,100.0,1.0,1.0,2.0,13.0,17.0,14.0,60,66,69.0,19.0,19.0,17.0,,,,,,,,,,,,,,,,,,2.0,,,,,,,,,,,,,,,,,,,,,,,,,,,,,,,,,,,,,,,,,,,,,,,1.0,,,,,,,,,,,,,,,,,,,,,,,,,,,,,,,,,1.0,,1.0,,,,,,,,,,,,,,,,,,,,,,,,,,,,,,,,,,,,,,,2.0,,,,,,,,,,,,,,,,,,,,,,,1.0,,,,,,,,,1.0,,,,,,,,,,,,1.0,,2.0,,,,,,,,1.0,,,,,,,1.0,,,,,,,,,,,,,1.0,1.0,,1.0,,1.0,,,,,,,,,1.0,,1.0,3.0,2.0,,,1.0,,,,,,,,,,,,,,,1.0,,,,,1.0,2.0,1.0,1.0,,,1.0,2.0,,,,,,,1.0,,,,,,1.0,,,,5.0,2.0,,2.0,2.0,,1.0,1.0,,,,,,,,,,1.0,,,7.0,3.0,4.0,,1.0,,,,1.0,,,,,,,,4.0,,,,1.0,,,2.0,,,,,,,,,2.0,1.0,,,1.0,,,,2.0,19.0,11.0,10.0,,,1.0,,,,2.0,,,5.0,3.0,,,,7.0,3.0,4.0,3.0,1.0,5.0,1.0,4.0,2.0,2.0,3.0,,,,,,2.0,,,,4.0,,,,1.0,,,,,,1.0,2.0,4.0,,8.0,29.0,20.0,,,4.0,4.0,3.0,,4.0,2.0,8.0,,13.0,,1.0,,,,,6.0,2.0,,,,,,,16.0,10.0,6.0,13.0,3.0,4.0,7.0,6.0,9.0
25,,,,,1.0,,,,,,,,,,,,,,1.0,4.0,3.0,,,1.0,,1.0,1.0,,1.0,1.0,,13.0,7.0,7.0,6.0,7.0,1.0,8.0,8.0,6.0,48.0,48,24.0,67,74.0,85.0,1.0,,1.0,17.0,8.0,16.0,29.0,31.0,13.0,4.0,1.0,2.0,98,110,92.0,,,10.0,5.0,2.0,2.0,1.0,3.0,2.0,2.0,,135,142,119.0,,,,,,,2.0,2.0,,147,148,124.0,,,,,,,,,,,5.0,7.0,,6.0,8.0,15.0,1.0,1.0,1.0,137,134,108.0,,,1.0,,,5.0,3.0,,143,147,124.0,,,4.0,25.0,26.0,21.0,82,100,70.0,42.0,24.0,29.0,,,,1.0,,,,,,,,,,,,,,,,,,,,,,,,,1.0,,,1.0,,,,,,,1.0,,,,,,,,,,,,,,,,,,,,,,,,,,,,,,,,,1.0,,,,,,,,,,,,,,,1.0,,,,,,,,,,,,,,,,,2.0,,,,,,,,1.0,,,,,,,,2.0,,,,,,,,,,,,,,,,,,,,,,,,,,,,,,,,,,,2.0,1.0,,1.0,,,,,1.0,,,,,,,,,1.0,1.0,,,,,,,,,2.0,,,,,,,,,1.0,,,2.0,,,,,,,,,,,,,2.0,1.0,2.0,,,,,,,,,,,,,,,,,,,,,2.0,,,,,,,,1.0,,,,4.0,,,,,,2.0,2.0,,1.0,,4.0,1.0,,1.0,,6.0,1.0,1.0,,,,,,5.0,,2.0,,,,,,,,,,3.0,,,2.0,,,1.0,1.0,1.0,,,,3.0,,3.0,,3.0,,,,7.0,5.0,6.0,,,2.0,,,5.0,,,,1.0,,1.0,,2.0,,3.0,2.0,1.0,1.0,,3.0,8.0,1.0,,,2.0,,,,1.0,,,,,,,,,17.0,14.0,18.0,1.0,4.0,,,,,,,6.0,9.0,4.0,1.0,1.0,2.0,2.0,4.0,4.0,10.0,3.0,7.0,3.0,,2.0,3.0,15.0,5.0,2.0,,,4.0,2.0,,2.0,,,,,,5.0,5.0,3.0,,3.0,,6.0,9.0,,,16.0,26.0,23.0,,,12.0,14.0,11.0,,,,16.0,8.0,14.0,,,,1.0,,4.0,4.0,6.0,,,,,,,7.0,10.0,2.0,8.0,4.0,7.0,13.0,6.0,10.0
26,,,,,,,,,,,,,,,,,,1.0,,,1.0,,,,,1.0,,,,,,3.0,1.0,5.0,2.0,2.0,3.0,4.0,7.0,10.0,34.0,51,29.0,38,93.0,62.0,,1.0,,8.0,17.0,12.0,11.0,21.0,13.0,2.0,3.0,1.0,61,114,83.0,,,5.0,9.0,6.0,,2.0,3.0,,,1.0,77,145,99.0,,,,,,,,,1.0,82,156,108.0,,,,,1.0,,,,,,2.0,3.0,5.0,11.0,15.0,10.0,,,1.0,69,137,93.0,,,,,,1.0,6.0,1.0,81,150,108.0,,,,11.0,28.0,19.0,50,97,67.0,21.0,31.0,23.0,,,,,,,2.0,,,,,,,,,,,,,,,,,,,,,,,2.0,,,,,,,,,,,,,,,2.0,,,,,,,,,,,,,,,,,,,,,,,,,,,,1.0,,,,1.0,,,,,,,,,,,,,,,,,1.0,1.0,,,,,,,,,,,,,,,,,,,,,,,,,1.0,,,,,,1.0,,,,,,,,,,,,,,,,,,,,,,,,,,,,,,,,2.0,,,,,,,,,,,,,,,,,,,,1.0,,1.0,,,,,,,,,,,,,,,,1.0,,,,,1.0,,,,,,,1.0,3.0,,2.0,,,,,,,,,2.0,,,,1.0,,2.0,,,,,,,,,,,,,,,,,,,,,,1.0,4.0,,,,6.0,,4.0,1.0,,1.0,1.0,5.0,1.0,,1.0,,,,,,,,,,,,1.0,,,1.0,3.0,1.0,2.0,3.0,,,3.0,,1.0,,,,,,1.0,3.0,,2.0,,2.0,2.0,3.0,,,,,,1.0,5.0,1.0,,3.0,,2.0,4.0,,,7.0,3.0,,1.0,,2.0,,,,,,,1.0,,4.0,2.0,,,1.0,2.0,1.0,1.0,,3.0,11.0,4.0,,1.0,,,,,,,,2.0,3.0,,,4.0,1.0,10.0,6.0,7.0,8.0,6.0,,3.0,2.0,5.0,15.0,,,,1.0,,3.0,4.0,1.0,,,,,,3.0,,,,,,2.0,4.0,8.0,,12.0,22.0,11.0,2.0,,8.0,11.0,17.0,1.0,,2.0,11.0,15.0,9.0,,,,,,4.0,4.0,1.0,,,,,,,4.0,12.0,4.0,1.0,5.0,9.0,5.0,7.0,13.0
27,,,,,,,,,,,,,,,,,,,,3.0,,,,,,1.0,,,1.0,,,3.0,7.0,2.0,1.0,3.0,4.0,1.0,1.0,1.0,15.0,20,28.0,26,28.0,59.0,,,1.0,1.0,4.0,7.0,8.0,12.0,16.0,2.0,1.0,3.0,40,42,67.0,,,1.0,3.0,7.0,,1.0,3.0,,,1.0,50,55,83.0,,,,,,,,,1.0,51,59,93.0,,,,,,,,,,,4.0,1.0,,4.0,5.0,17.0,,,,43,53,77.0,,,,,,1.0,2.0,1.0,50,57,93.0,,,,13.0,9.0,22.0,29,36,57.0,9.0,14.0,15.0,,,,,,,,3.0,,,,,,,,,,,,,,,,,,,,,,,,,,,,,,,,,,,,,,,,,,,,,,,,,,,,,,,,,1.0,,,,,,,,,,,,,,,,,,,,,,,,,,,,,,,,,,,,,,,,,,,,,,,,,,,,1.0,,,,,,,,,,,,,,,,,,,,,,,,,,,,,,,,,,,,,,,,,,,,,,,,,,,,,,,,2.0,,,,,,,,,,,,,,,,,,,,,,1.0,,,,,,,,,,,,,,,,,,3.0,,,,,,,,1.0,,,,,,,,,,,,,,1.0,,,,,,,,,,,,,3.0,,2.0,,2.0,3.0,,,1.0,,2.0,2.0,3.0,,,,,,,1.0,,,,,,,,,,,,,1.0,3.0,,,,1.0,,,2.0,,,,,,,,,,,3.0,1.0,,,,,,,,1.0,,,,2.0,,2.0,,1.0,1.0,,,,,,2.0,,,2.0,,,,,,,,1.0,,,1.0,,7.0,3.0,10.0,,,,,,,,,4.0,3.0,3.0,,1.0,,1.0,3.0,2.0,3.0,6.0,5.0,1.0,,3.0,,1.0,7.0,,,7.0,,,,,,,,,,1.0,2.0,,,,1.0,2.0,3.0,,,9.0,6.0,15.0,,,,6.0,3.0,,1.0,2.0,1.0,10.0,7.0,,,2.0,,,,1.0,2.0,,,,1.0,,,5.0,6.0,6.0,2.0,5.0,9.0,,1.0,7.0
28,,,,,,,,,,,,,,,,,,,,1.0,1.0,2.0,,,1.0,,,,,2.0,,2.0,,3.0,1.0,1.0,5.0,3.0,3.0,2.0,12.0,15,24.0,25,26.0,57.0,,,,6.0,3.0,5.0,6.0,5.0,14.0,,4.0,4.0,32,36,71.0,2.0,,3.0,2.0,7.0,,1.0,,1.0,1.0,,40,42,87.0,,,,,,,,1.0,,44,47,94.0,,,,,2.0,,,,,,2.0,1.0,1.0,4.0,2.0,11.0,,,2.0,38,43,80.0,,,,,,,1.0,1.0,44,47,93.0,,,,8.0,8.0,19.0,29,29,52.0,7.0,11.0,23.0,,,,,,,,,,2.0,,,,,,,,,,,,,,,,,,,,,,,,,,,,,,,,,,,,,,,,,,,,,,1.0,,,2.0,,,,,,,,,,,,,,,1.0,,,,,,1.0,,,,,,,,,,,,,,,,,,,,,,,,,,,,,,,,,,,,,,,,,,,,,,,,,,,,,,,,,,,,,,,,,,,,,,,,,,,,,,,,,,,,,,,1.0,,,,,,,,,,,,,,,,,,,,,,,,,,,,,,,,,,,,,,,,,,,,,,,,,,,,1.0,1.0,,,,,,,,,,,,,,1.0,,,,,1.0,,,,,,,,,,,,,,,,2.0,1.0,,2.0,,,,,,,,,,,,,,,,,,,,,,1.0,1.0,1.0,,,6.0,,,,,1.0,,,,,,,,2.0,,6.0,,,,,,,2.0,2.0,,,2.0,1.0,3.0,5.0,,,4.0,2.0,,,,,4.0,,2.0,,,,,,2.0,,,2.0,2.0,,,3.0,,4.0,8.0,,,,,,,,,,3.0,1.0,,,3.0,,,1.0,4.0,2.0,7.0,,,8.0,1.0,2.0,1.0,,,3.0,1.0,1.0,4.0,,,3.0,,3.0,,1.0,2.0,2.0,1.0,,2.0,2.0,3.0,,,10.0,15.0,17.0,,,6.0,1.0,10.0,,,,6.0,,4.0,,,,,,1.0,1.0,5.0,,1.0,,,1.0,,1.0,2.0,2.0,3.0,1.0,8.0,4.0,,8.0
29,,,,,,,,,,,,,,,,,,,,1.0,2.0,,,,,,,,,1.0,,2.0,2.0,,1.0,1.0,3.0,2.0,5.0,4.0,20.0,45,25.0,31,42.0,44.0,1.0,,1.0,4.0,20.0,5.0,9.0,23.0,9.0,2.0,3.0,8.0,41,52,53.0,,,2.0,8.0,4.0,,,,,1.0,,55,89,72.0,,,,,,,,,,57,98,76.0,,,,,,,,1.0,,,3.0,,2.0,2.0,9.0,,3.0,2.0,,49,86,74.0,,,1.0,,2.0,,,,56,98,74.0,,,2.0,9.0,15.0,22.0,37,70,29.0,11.0,13.0,23.0,,,,,,,,,,,,,,,,,,,,,,,,,,,,,,,,,,,,,,,,,,,,,,,,,,,,2.0,,,,,,,,,,,,,,,,1.0,1.0,,,,,1.0,,,,,,,,,,,,,,,,,,,,,,,,,,,,,,,,,,,,,,,,,,,,,,1.0,,,,,,,,,,,,,,,,,2.0,,,,,,,,,,,,,,,,,2.0,,1.0,,,,,,,,,,,,,,,,,,,,,,,4.0,,,1.0,,2.0,,,,,,,,,,,,,,,,,,1.0,2.0,,,5.0,,1.0,2.0,,,,1.0,,,,,1.0,,,,,,,,,,,,,,,,,,3.0,,,,,,,4.0,,,,,,,1.0,,,1.0,5.0,,2.0,,,1.0,,2.0,,,,,,2.0,,,,,,,,,,,1.0,,1.0,1.0,4.0,1.0,,,,,,,,,,,,,1.0,,2.0,2.0,4.0,,1.0,,,,1.0,,,,1.0,,1.0,2.0,,,1.0,,,,,,,,,,,,,,2.0,,3.0,,,,,,,4.0,5.0,13.0,,2.0,1.0,,,,2.0,,,7.0,2.0,,,,2.0,2.0,4.0,3.0,15.0,5.0,2.0,,2.0,,5.0,1.0,1.0,,,,3.0,2.0,,1.0,,,,,2.0,,,,,,3.0,2.0,2.0,,13.0,14.0,6.0,2.0,,3.0,4.0,10.0,2.0,3.0,2.0,3.0,7.0,5.0,,,4.0,,,3.0,7.0,2.0,,,,,,,5.0,3.0,,2.0,3.0,8.0,6.0,2.0,3.0
30,,,,,,,,,,,,,,,,,,,,,1.0,,1.0,,,,,,,1.0,,1.0,11.0,2.0,3.0,3.0,1.0,1.0,1.0,,27.0,32,18.0,43,58.0,51.0,,2.0,,6.0,3.0,6.0,14.0,20.0,5.0,,2.0,1.0,56,80,60.0,,,2.0,5.0,,,3.0,,1.0,3.0,1.0,73,96,71.0,,,,1.0,,,1.0,1.0,1.0,74,106,71.0,,,,,,,,,,,2.0,3.0,2.0,3.0,11.0,8.0,3.0,1.0,2.0,68,92,60.0,,,,,,1.0,,1.0,75,107,71.0,,,,15.0,16.0,22.0,44,65,43.0,17.0,26.0,7.0,,,,,,,,,,,,,,,,,,,,,,,,,1.0,1.0,,,,,,,,,,,,,,,,,,,,,,,,,,,,,,,,,,,,,,,,,,,,,,,,,,2.0,,,,,,,,,,,,,,1.0,,,,,,,,,,,1.0,,,,,,,,,,,,,,,,,,,,,,,,,,,,,,,,,,,,1.0,,,,,,,,,1.0,,,,,,,,,,,,,1.0,,,,1.0,,,,,,,,,,,,,1.0,,,1.0,,,1.0,,,,,,,,,,,,,,,,,,,,,,,,,,1.0,1.0,,,,,,,,,1.0,,,,1.0,,,,,,,,1.0,,,,,,,,,1.0,,,3.0,,1.0,,,,,,,,,1.0,4.0,,3.0,1.0,,1.0,,,,,,2.0,,,1.0,,,,,,1.0,,,2.0,,4.0,2.0,3.0,3.0,1.0,2.0,2.0,,,,,,,,,2.0,5.0,,,1.0,,3.0,,,,,,,2.0,,1.0,,1.0,3.0,3.0,,,,3.0,,,,,,2.0,,,,,2.0,,,,,,,4.0,,,,,4.0,3.0,1.0,,,,,,1.0,,1.0,,4.0,,,3.0,2.0,1.0,3.0,5.0,13.0,,1.0,2.0,,1.0,6.0,2.0,3.0,,1.0,3.0,2.0,,,,2.0,,,,,3.0,1.0,,,2.0,2.0,2.0,2.0,,11.0,17.0,8.0,,,6.0,8.0,3.0,,1.0,2.0,10.0,24.0,2.0,,,,,,5.0,1.0,3.0,1.0,,,,,,6.0,4.0,8.0,,3.0,7.0,12.0,3.0,8.0
31,,,,,,,,,,,,,,,,1.0,,,,,2.0,,,,,,,2.0,,,,2.0,4.0,,2.0,,5.0,3.0,3.0,5.0,21.0,23,16.0,15,17.0,43.0,,,,3.0,6.0,2.0,7.0,10.0,19.0,2.0,,2.0,31,33,49.0,,1.0,1.0,3.0,4.0,,,2.0,1.0,1.0,2.0,40,45,64.0,,,,,,,1.0,,2.0,42,49,70.0,1.0,,,1.0,,,,,,,,,2.0,2.0,3.0,2.0,,1.0,,39,45,68.0,,,,,,2.0,,2.0,41,49,70.0,1.0,,,13.0,8.0,8.0,18,33,47.0,11.0,8.0,17.0,,,,,,,,,,,,,,,,,,,,,,,,,,,,,,,,,,,,,,1.0,,,,,,,,,,,,,,,,,,,,,,1.0,,,,,,,,,,2.0,,,,,,,,,,,,,,,,,,1.0,,,,,,,,,,,2.0,,,,1.0,,,,,,,,,1.0,,,,,,,,,,,,,,,,,,,,,,,,,,,,2.0,,,,,,,,,,,,,,,,,,,,,,,1.0,,,,,,,,,,,,,,,,,,,1.0,,,,,,,,,,,,,,,,,,,,,,,,,,,,,,,,,,,,,,2.0,,,,,,,,,,,2.0,,,,,,,,,,,,,,,,,3.0,,2.0,,,,3.0,2.0,,,,,,,,,,,,,,,,,,,,,,1.0,,2.0,1.0,,,1.0,,3.0,,1.0,,,,,,,1.0,,,,1.0,3.0,3.0,,,,2.0,,,,,,,,2.0,2.0,,,4.0,1.0,,,,,,,,,,,,,,2.0,,,,,,,,1.0,3.0,12.0,,,,,,,2.0,,,1.0,2.0,,,,,2.0,2.0,1.0,4.0,,5.0,,2.0,,1.0,,1.0,,,1.0,1.0,4.0,2.0,,,,1.0,,3.0,2.0,2.0,,,,3.0,1.0,,,6.0,7.0,9.0,,,7.0,,8.0,1.0,,,4.0,10.0,2.0,,,,,,,3.0,2.0,1.0,1.0,,,,,,1.0,4.0,2.0,1.0,11.0,2.0,5.0,11.0
32,,,,,,,,,,,,,,,,,,,,2.0,,,,,,,,,,,,3.0,5.0,3.0,2.0,4.0,,,,,11.0,22,8.0,39,28.0,21.0,,2.0,2.0,2.0,3.0,2.0,10.0,10.0,3.0,,2.0,1.0,45,42,24.0,,,2.0,,,,,,,,,55,59,32.0,,,,,,,,,,57,59,32.0,,,,1.0,,,,,,,,,,3.0,2.0,5.0,,2.0,,53,55,27.0,,,,,,,,,57,59,32.0,,,,16.0,8.0,8.0,28,34,18.0,13.0,17.0,6.0,,,,,,,,,,,,,,,,,,,,,,,,,,,,,,,,,,,,,,,,,,,,,,,,,,,,,,,,,,,,,2.0,,,,,,,,,,,,,,,,,,,,,,,,,,,,,,,,,,,,,,,,,,,,,,,,,,,,,,,,,,,,,,,,,,,1.0,,,,,,,,,,,,,,,,,,,,,,,,,,,,1.0,,1.0,,,,,,,,,,2.0,1.0,,,,,,2.0,,,,2.0,,,,,,,,,,,,,,,,1.0,1.0,,,,,,2.0,,2.0,,,,,,,,,,,,,,,,,,,,,,,,,,,,,1.0,1.0,,1.0,,,,2.0,,,3.0,,,,,,,4.0,,,1.0,,,,,,,,,,1.0,,,,,,,,,,,,,,,,,1.0,2.0,,4.0,,2.0,2.0,,,,,,,,,,3.0,,3.0,,1.0,,,,2.0,,,1.0,,,,,2.0,,,,,,,,,,1.0,,1.0,,,,,,2.0,,,,,,,,,2.0,2.0,4.0,,,,,,,,,,2.0,,,1.0,1.0,2.0,4.0,3.0,1.0,2.0,4.0,4.0,,,1.0,7.0,1.0,3.0,,,,1.0,,,,,,,,2.0,1.0,1.0,,,,1.0,,,,7.0,4.0,4.0,,,4.0,3.0,8.0,,2.0,,8.0,18.0,2.0,1.0,,,,,3.0,3.0,4.0,,,,,,,1.0,,1.0,1.0,4.0,2.0,2.0,,1.0
33,,,,,,,,,,,,,,,,,,,,,9.0,,,1.0,,,,,,,,2.0,9.0,2.0,3.0,4.0,1.0,8.0,2.0,4.0,18.0,33,28.0,26,38.0,52.0,,1.0,,5.0,6.0,8.0,13.0,16.0,17.0,1.0,1.0,2.0,38,72,60.0,,,1.0,3.0,3.0,,,,2.0,1.0,4.0,54,92,80.0,,,,,,2.0,2.0,1.0,1.0,55,95,84.0,,,,,2.0,,1.0,,,,,3.0,1.0,7.0,10.0,4.0,2.0,2.0,3.0,47,79,79.0,,,,1.0,,2.0,2.0,2.0,55,93,85.0,,,,10.0,13.0,22.0,29,61,42.0,18.0,22.0,23.0,,,,,,,,,,,,,,,,,,,,,,,,,,,,,,,,,,,,,,,,,,,,,,,,,,,,,,,,2.0,,,,,,,,,,,,,,,,,,,,,,,,,,,,,,,,,,,,,,,,,,,,,,,,,,,,,,,,,,,,,,,,,,,,,,,,,,,,,,,,,,,,,,,,,,,,,,,,,,,,,,1.0,,,,,,,,,,,,,,,,,,,,,,,,,,,,,,,,,,,,,,,,2.0,,,,,,,,,,,,,,,,,,,2.0,,,,,,1.0,,,,,,,,,,,,,,,,,,,,,,,,,,,,,,,5.0,,,,,,,,1.0,,,,,,,,,,,,1.0,,,,,,,2.0,,1.0,1.0,6.0,,2.0,1.0,,,,,,1.0,,,,3.0,1.0,2.0,,,,,,,,,,1.0,,2.0,2.0,2.0,,,1.0,,1.0,,,2.0,4.0,,,,,1.0,,,,,,,,,,,6.0,2.0,,,,,,,,,,1.0,5.0,4.0,,,,1.0,,4.0,,14.0,,1.0,3.0,2.0,,3.0,2.0,1.0,,,,1.0,1.0,,,1.0,,,,1.0,2.0,,,,2.0,1.0,2.0,1.0,,9.0,9.0,14.0,,,13.0,3.0,9.0,2.0,1.0,,4.0,28.0,6.0,,1.0,,,,4.0,4.0,2.0,,,6.0,,,,1.0,7.0,13.0,2.0,2.0,6.0,4.0,1.0,6.0
34,,,,,,,,,,,,,,,,,,,,1.0,4.0,,,,,,,,,,,3.0,15.0,1.0,1.0,1.0,,,1.0,2.0,15.0,25,20.0,33,40.0,36.0,,3.0,4.0,3.0,5.0,4.0,10.0,6.0,4.0,2.0,3.0,2.0,38,69,45.0,,,,,2.0,2.0,,2.0,,,,51,86,55.0,,,,,,,,,,53,86,59.0,,,,,,,,,,,1.0,,,5.0,15.0,7.0,2.0,,,45,71,52.0,,,,,,,2.0,2.0,53,84,57.0,,,,9.0,15.0,10.0,32,60,40.0,12.0,11.0,9.0,,,,,,,,,,,,,,,,,,,,1.0,,,,,,,,,,,,,,,,,,,,,,,,,,,,,,,,,,,,,,,,,,,,,,,,,,,,,,,,,,,,,,,1.0,,1.0,,,,,,,,,,,,,,,,,,,,,,,,,,,,,,,,,,,,,,,,,,,,,,,,,,,,,,,,,,,,,,,,,,,,,,,,,,,,,,,,,2.0,,,,,,,,,,,,,,,,,,,,,,,,,,,,,,,,,1.0,,,,,,,,,,,,,,,1.0,,,,,1.0,2.0,,,,,,,,,,,,,1.0,,,,,,,,,,,,,,,,,,,,,8.0,4.0,,,,1.0,1.0,2.0,,1.0,,,,2.0,,,2.0,,,,,,,,,4.0,1.0,,,2.0,,,1.0,,,,,,,,,1.0,,,2.0,,,,,,2.0,,,,,1.0,,,1.0,,2.0,,1.0,,,,2.0,,1.0,1.0,,,,,1.0,,,,2.0,2.0,,,,,,2.0,,4.0,2.0,,2.0,,,,,,,4.0,2.0,1.0,,,3.0,1.0,,4.0,7.0,3.0,1.0,3.0,1.0,2.0,2.0,,,,,2.0,1.0,,,,,1.0,,,,,,,1.0,,,1.0,2.0,,9.0,5.0,6.0,,,6.0,5.0,5.0,,2.0,,5.0,44.0,6.0,,,,,,2.0,,1.0,,,,1.0,,,3.0,2.0,4.0,2.0,1.0,8.0,2.0,2.0,8.0
35,,,,,,,,,,,,,,,,,,,,,1.0,,,,,,,,,,,6.0,9.0,,2.0,1.0,2.0,7.0,1.0,,23.0,14,13.0,31,37.0,46.0,,,,5.0,4.0,,11.0,7.0,16.0,1.0,3.0,,52,49,45.0,,,3.0,7.0,,,,3.0,,,2.0,66,56,56.0,,,,,,,,,2.0,69,63,59.0,,,,,,,,,,,9.0,1.0,,6.0,12.0,9.0,1.0,,2.0,53,50,50.0,,,,,,1.0,,2.0,68,63,59.0,,,2.0,11.0,9.0,12.0,45,49,36.0,13.0,5.0,11.0,,,,,,2.0,,,,,,,,,,,,,,,,,,,,,,,,,,,,,,,,,,,,,,,,,,,,,,,,,,,,,,,,,,,,,,,,,,,,,,,,,1.0,,,1.0,,,,,,,,,,,,,,,,,,,,,,,,,,,,,,2.0,,,,,,1.0,,,,,,,,,,,,,,,,,,,,,,,,,,,,,,2.0,,,,,,,,,,,,1.0,,,,,,,,,,,,,,,,,,,,,,,,,,,,,,,,,,,,2.0,,,,,,,,,,,,,,,,,,,,,,1.0,,,,,,,,,,,,,,,,,,,,,,,,,,,,,,1.0,,,,2.0,1.0,4.0,,,,,,,,,,,,,,,,,,,,,,,,,,3.0,1.0,,5.0,,3.0,,,,,,,,,,1.0,,,4.0,1.0,,,,,,,1.0,,,,,,1.0,2.0,,,1.0,,,,,,,2.0,,,,,,,,,1.0,,,,1.0,,,5.0,,13.0,,,,,,,,,,6.0,2.0,,1.0,,,1.0,2.0,2.0,11.0,3.0,,,1.0,,1.0,,,,1.0,,,1.0,1.0,,,,,,,,,,,2.0,5.0,4.0,,,7.0,3.0,7.0,,,10.0,4.0,9.0,,,,9.0,25.0,7.0,1.0,,,,,5.0,2.0,2.0,,,,,,,10.0,2.0,6.0,,,6.0,5.0,,5.0
36,,,,,,1.0,,,,,,,,,,,,,,,1.0,,,,,,,,,1.0,,4.0,2.0,3.0,,1.0,1.0,2.0,1.0,9.0,19.0,32,22.0,27,47.0,58.0,1.0,2.0,1.0,9.0,8.0,11.0,7.0,12.0,12.0,,1.0,4.0,35,63,65.0,,,,7.0,9.0,,1.0,1.0,,,1.0,52,78,82.0,,,,,,,,,,52,86,93.0,,,,,,,,,,,3.0,2.0,1.0,3.0,9.0,10.0,2.0,1.0,,44,74,82.0,,,,1.0,,,,,52,85,93.0,,,,9.0,6.0,16.0,27,66,62.0,16.0,14.0,15.0,,,,,,,,,,,,,,,,,,,,,2.0,,,,,,,,,,,,,,,,,,,,,,,,,,,,,,,,,,,,,,,,,,,,,,,,,,,,,,,,,,,,,,,,,,,,,,,,,,,,,,,,,,,,,,,,,,,,,,1.0,,,,,,1.0,1.0,,,,,,,1.0,,,,,,,,,,2.0,,,,1.0,,,,,,,,,,,,,,,,,,,,,1.0,,,,,,,,,,,,,,,,,,,,,,,,,,,,,1.0,,,,,,,,,,,,,,,,,,,,,,,,,,,,,,1.0,,,,,,,,,,,2.0,,,,,,,,,,,,,2.0,1.0,,2.0,,,,3.0,,1.0,,3.0,1.0,,1.0,1.0,,,,1.0,,,,,,,,,,,,,4.0,,,1.0,2.0,2.0,2.0,,2.0,,,,,1.0,,,,,,3.0,2.0,1.0,,,,,,2.0,1.0,,,,1.0,2.0,,,,1.0,1.0,,,,,,,1.0,,,,,,,1.0,,1.0,,,,,,,3.0,9.0,,,2.0,,,,,,1.0,6.0,3.0,,,1.0,,3.0,,1.0,8.0,6.0,4.0,2.0,,,7.0,6.0,1.0,,1.0,2.0,3.0,2.0,,,,,,,3.0,2.0,8.0,,,,,4.0,1.0,,8.0,14.0,10.0,,,8.0,6.0,11.0,2.0,,,,9.0,6.0,,,,,,4.0,4.0,2.0,2.0,5.0,,,,,3.0,4.0,6.0,2.0,2.0,9.0,1.0,5.0,9.0
37,,,,,,,,,,1.0,,,,,,,,,,,,,,,,,,,1.0,,,2.0,,4.0,1.0,,3.0,2.0,1.0,2.0,21.0,8,15.0,17,20.0,18.0,,,,7.0,2.0,8.0,8.0,4.0,9.0,2.0,2.0,2.0,28,21,23.0,,,3.0,,1.0,,,,,,,42,29,41.0,,,,,,,,,,45,29,42.0,,,,,,,,,,,1.0,,,4.0,2.0,,,,1.0,40,27,41.0,,,,,,,,,45,29,42.0,,,,11.0,10.0,7.0,27,15,23.0,7.0,4.0,12.0,,1.0,,,,,,,,,,,,,,,,,,,,,,,,,,,,,,,,,,,,,,,,,,,,,,,,,,,,,,,,,1.0,,,,,,,,2.0,,,,,,,,,,,,,,,,,,,,,,,,,,,,,,,,,,,,,,,,,,,,,,,,,,,,,,,,,,,,,,,,,,,,,,,,,,,,,,,,,,1.0,,,,,,,,,,,,,,,,,,,,,,,,,,,,,,,,,,,,,,,,,,,,,,,,,,,,,,,,1.0,,,,,1.0,,,,,,,,1.0,,,,,,,,,,,,,,,,,,,,,,,,,,,,,,1.0,,,,,,,,,,,1.0,,,,,,,,,1.0,,,,,,1.0,,2.0,,,,,,,,,,,,,,,,,,1.0,,1.0,,1.0,2.0,1.0,,,,,,,,,,,,2.0,2.0,2.0,,,,,,,1.0,,,,,,,,,1.0,,2.0,,,,,,,1.0,1.0,3.0,,,,,,,,,,3.0,4.0,,,1.0,,,2.0,3.0,,6.0,1.0,2.0,,,2.0,,1.0,,3.0,,,2.0,,,,,,,1.0,1.0,,1.0,,1.0,2.0,,,,6.0,11.0,7.0,,,5.0,3.0,2.0,,1.0,,3.0,1.0,4.0,4.0,,,,2.0,6.0,1.0,5.0,1.0,,,,,,,,1.0,,1.0,1.0,7.0,1.0,1.0
38,,,,,,,,,,,,,,,,,,,,1.0,2.0,1.0,,,,,,,,1.0,,5.0,1.0,,1.0,2.0,1.0,3.0,1.0,4.0,14.0,21,21.0,26,28.0,18.0,,1.0,1.0,6.0,5.0,3.0,9.0,14.0,10.0,,,1.0,35,36,30.0,,,1.0,5.0,4.0,1.0,,1.0,,2.0,,48,49,40.0,1.0,,,,,,,2.0,,49,54,45.0,,,,,,,,,,,4.0,1.0,1.0,6.0,5.0,7.0,1.0,2.0,1.0,39,48,36.0,1.0,,,,,,2.0,,49,54,45.0,1.0,1.0,,10.0,13.0,9.0,26,33,28.0,13.0,9.0,8.0,,,,,,,,,,,,,,,,,,,,,,,,,,,,,,,,,,,,,,,,,,,,,,,,,,,,,,1.0,,,,,,,,,,,,,,,,,,,,,,,,,,,,,,,,,,,,,,,,,,,,,,,,1.0,,,,,,,,,,,,,,,,,,,,,,,,,1.0,,,,,,,,,,,,,,,1.0,,,,,,,,,,,,,,,1.0,,,,,,,,,,,,,,,,,,,,,,,,,,,,,,,,,,,,,,,,,,,,,,,,,,,,,,1.0,,,,,,,,1.0,,,,,,,,,,2.0,,,,,,,,,,,,,,,,,,,1.0,,1.0,,,,3.0,,,,1.0,,,,,,,,,,,,,,,,,,,1.0,,,1.0,3.0,,,1.0,,,,,,,,,,,,,,2.0,1.0,,,,,,,,2.0,1.0,,,,,1.0,2.0,,,1.0,,,,1.0,,,,2.0,2.0,,,,1.0,2.0,,,1.0,,1.0,,,2.0,2.0,4.0,,,2.0,,,,,,,4.0,6.0,,,,1.0,,,7.0,5.0,1.0,,,1.0,,2.0,,,,3.0,,1.0,1.0,,2.0,,,,,,,,1.0,,,4.0,,,,9.0,11.0,3.0,,2.0,5.0,6.0,8.0,,,3.0,6.0,3.0,2.0,,,,,,3.0,3.0,2.0,,,2.0,,,1.0,1.0,1.0,2.0,1.0,,1.0,8.0,3.0,2.0
39,,,,,,,,,,,,,,,,,,,,2.0,2.0,,,,,,,,,,,3.0,2.0,2.0,1.0,1.0,,2.0,,3.0,13.0,9,9.0,24,21.0,18.0,,1.0,,1.0,6.0,2.0,13.0,2.0,2.0,,,,31,26,28.0,,,3.0,,3.0,,,1.0,,,,42,35,28.0,,,,,,,,,,45,35,32.0,,,,,,,,,,,1.0,,,4.0,5.0,2.0,3.0,,,37,30,30.0,,,,,,1.0,,,44,35,32.0,,,,10.0,4.0,5.0,25,23,25.0,10.0,8.0,2.0,,,,,,,,,,,,,,,,,,,,,,,,,,,,,,,,,,,,,,,,,,,,,,,,,1.0,,,,,,,,,,,,,,,,,,,,,,,,,,,,,,,,,,,,,,,,,,,,,,,,,,,,,,,,,,,,,,,,,,,,,,,,,,,,,,,,,,,,,,,,1.0,,,,,,,1.0,,,,,,,,,,,,,1.0,,,,,,1.0,,,,,,,,,,,,,,,,,,,,,,,,,,,,,,,,1.0,,,,,,,,,,,,,,2.0,1.0,,,,,,,,,,,,,1.0,,,,,,,,,,,1.0,,,,,,,,,,,,,,,,,,,1.0,1.0,,,,,,,,2.0,,1.0,,,,,,,,,,,,,,,,,,,,,3.0,,,,,,,,,,,,,,,,,,,,,2.0,4.0,,,,,,2.0,2.0,1.0,1.0,,,,,,1.0,1.0,1.0,,,,,,2.0,1.0,,1.0,,1.0,,,,3.0,1.0,6.0,,,,,,,,,1.0,2.0,,,,,,1.0,1.0,1.0,1.0,1.0,1.0,,,1.0,2.0,2.0,2.0,,,1.0,,2.0,,,,,,,1.0,,,,,,4.0,3.0,3.0,,9.0,9.0,4.0,,,4.0,1.0,5.0,,,,9.0,8.0,1.0,,,,,,2.0,1.0,,,,,,,,3.0,1.0,1.0,1.0,,2.0,4.0,,4.0
40,,,,,,,,,,,,,,,,,,,,3.0,,,,,,,,,2.0,2.0,2.0,8.0,1.0,2.0,,5.0,2.0,2.0,1.0,2.0,12.0,17,13.0,23,27.0,31.0,,,,3.0,8.0,6.0,9.0,14.0,7.0,,2.0,,38,29,39.0,,,2.0,3.0,13.0,2.0,,,,2.0,1.0,46,48,38.0,,,,,,,,2.0,1.0,50,51,51.0,,,,,,,,,,,1.0,2.0,,3.0,2.0,10.0,2.0,2.0,,44,47,42.0,,,,,2.0,2.0,2.0,1.0,48,51,49.0,,1.0,2.0,9.0,6.0,10.0,31,32,40.0,10.0,14.0,,,,,,,,,,,,,,,,,,,,,,,,,1.0,,,,,,,,,,,,,,,,,,,1.0,,,,,,,,,,,,,,,,,,,,,,,,,,,,,,,,,,,,,,,,,1.0,,,,,,,,,,,,,,,,,,,,,,,,,,,3.0,1.0,,,,,,,,1.0,,,,,,,,,,,,,,,,,,,,,,,,,,,,,,,,,,,,,1.0,,,,,,,,,,,,,2.0,,,,,,,,,,,,,,,,,,,,,,,,,,,2.0,,1.0,,,,,,,,,,,,,,,,,,,1.0,,,,,,,,,,,,,,,,,,,,,,,,,,,,,,1.0,,,,,,1.0,2.0,,,,,,,,,,1.0,,,,,2.0,,,,1.0,,,2.0,,1.0,2.0,,5.0,4.0,,,1.0,,,,,,1.0,,,2.0,,,3.0,3.0,,,,,,,,1.0,,,,,,1.0,,,,,,,,,2.0,,,,,,1.0,2.0,,2.0,2.0,,,3.0,,,,5.0,10.0,4.0,,2.0,,,,,,,2.0,2.0,2.0,,,,4.0,3.0,,2.0,2.0,3.0,,1.0,,1.0,6.0,,,,,,3.0,,,3.0,,1.0,,,,,,,,,1.0,,4.0,,10.0,5.0,10.0,,,1.0,4.0,6.0,,,,12.0,4.0,2.0,,1.0,,,,3.0,4.0,1.0,,,,,,,2.0,3.0,5.0,1.0,5.0,3.0,,,3.0
41,,,,,,,,,,,,,,,,,,,,,,,,,,,,,,,,3.0,,,1.0,1.0,,1.0,,,12.0,13,10.0,32,20.0,9.0,,,,4.0,5.0,2.0,10.0,8.0,3.0,,,,35,21,14.0,,,2.0,1.0,3.0,,1.0,,,1.0,,47,31,16.0,,,,,1.0,,,1.0,,49,32,19.0,,,,,,,,,,,2.0,,,1.0,3.0,1.0,,2.0,1.0,46,29,17.0,,,,,,,1.0,,49,33,19.0,1.0,,,15.0,7.0,6.0,24,24,6.0,9.0,3.0,7.0,,,2.0,,,,,,,,,,,,,,,,,,,,,,,,,,,,,,,,,,,,,,,,,1.0,,,,,,1.0,,,,,,,,,,,,,,,,,,,,,,,,,1.0,,,,,,,,,,,,,,,,,,,,,,,,,,,,,,,,,,,,,,,,,,,,,,,,,,,,,,,,,,,,,,,,,,,,,,,,,,,,,,,,,,,,,1.0,,1.0,,,,,,,,,,,,,,,,,,,,,,,,,,,,,,,,,,,,,,,,1.0,,,,,,,,,,,1.0,,1.0,,,,,,,1.0,,,,,,,2.0,,,,1.0,1.0,,,,,,,,,,,,,,1.0,1.0,,,,,,,2.0,1.0,,,,,,,,,,,,,,,,,1.0,,,,1.0,,,,1.0,2.0,1.0,1.0,,,,,,,,,,,,,1.0,1.0,,,,1.0,,,,,,,,,,1.0,2.0,,,3.0,,,,2.0,,,,1.0,,1.0,,,,,,,,1.0,,,,,1.0,1.0,,,,,,,,,,2.0,,,,,4.0,,1.0,1.0,,1.0,,,,6.0,2.0,,,,,3.0,,,,,,,,,,,5.0,,,,2.0,,,,8.0,8.0,3.0,,,,6.0,2.0,1.0,1.0,,4.0,5.0,,,,,,,3.0,1.0,2.0,,,,,,,5.0,,1.0,,1.0,1.0,4.0,1.0,
42,,,,,,,,,,,,,2.0,,,,,,,,,1.0,,,,,,,1.0,,,2.0,2.0,7.0,2.0,5.0,,2.0,2.0,,16.0,20,10.0,20,37.0,21.0,,,,3.0,3.0,7.0,16.0,16.0,7.0,1.0,,,23,49,25.0,,,,,,,2.0,,1.0,,,42,66,39.0,,2.0,,,,,1.0,,,42,66,39.0,,2.0,,,1.0,,,,1.0,2.0,1.0,1.0,,4.0,6.0,1.0,1.0,2.0,,37,56,35.0,,,,1.0,,1.0,2.0,,42,65,39.0,,,,8.0,16.0,2.0,23,42,28.0,12.0,10.0,9.0,,,,,,,,,,,,,,,,,,,,,,,,,,,,,,,,,,,,,,,,,,,,,,,,,,,,,1.0,,,,,,,,,,,,,,,,,,,,,,,,,,,,,,,,,,,,,,,,,,,,,,,,,,,,,,,,,,,,,,,,,,,,,,,,,,,,,,,,,,,,,,,,,,,4.0,1.0,,,,,,4.0,,,,,,,,,,,,,,,,,,,,,,,,,,,,,,,1.0,,,,,,,,,,,,,,,,,,,,,,,,1.0,,,,,,,,,,,,1.0,,,,,,2.0,,,,,,,,,,3.0,,,,,,,,,,,,,,,1.0,,1.0,,,,,1.0,,,,4.0,,,,,1.0,,,,,,,,,,1.0,,,,1.0,,1.0,3.0,2.0,2.0,,,4.0,,,,,,,,,,,5.0,7.0,2.0,,,,,,,,,,,,,7.0,1.0,,,1.0,,,,,,,,1.0,1.0,,,,,,,,,2.0,,,3.0,2.0,1.0,1.0,1.0,,,,,,,,,1.0,,,,,,,1.0,4.0,6.0,1.0,1.0,3.0,,2.0,,,,,,1.0,2.0,,,,,,,,1.0,,,,,,2.0,2.0,,3.0,7.0,15.0,6.0,,,4.0,4.0,8.0,,1.0,,2.0,5.0,1.0,,,,,,6.0,2.0,2.0,,,,,,,3.0,2.0,1.0,,,5.0,4.0,2.0,4.0
43,,,,,,,,,,,,,,,,,,,,,,1.0,,,,,,,,,2.0,1.0,1.0,1.0,3.0,1.0,1.0,,4.0,2.0,11.0,25,8.0,13,27.0,26.0,,,,2.0,8.0,4.0,8.0,14.0,9.0,,3.0,1.0,18,33,27.0,,,2.0,4.0,1.0,,1.0,,,,1.0,26,53,39.0,,,,,,,1.0,,1.0,27,58,40.0,,,,,,,,,,,,5.0,,4.0,2.0,3.0,,,1.0,24,51,37.0,,,,,,,,1.0,28,58,40.0,,,,8.0,14.0,5.0,15,34,31.0,5.0,10.0,5.0,,,,,,,,,,,,,,,,,,,,,,,,,,,,,,,,,,,,,,,,,,,,,,,,,,,,,,,,,,,,,,,,,,,,,,,,,,,,,,,,,,,,,,,,,,,,,,,,,,,,,,,,,,,,,,,,,,,,,,,,,,,,,,,,,,,,,1.0,,,,,,,,,,,,,,,,2.0,,,,1.0,,,,,2.0,,,,,,,,,,,,,,,,,,,,,,,,,,,,,,,,,,,,,1.0,,,,,,,,,,,,,,,,,,,,,,,,,,,,,,,,,,,,,,1.0,,,,,,1.0,,,,,,,,,,,1.0,,,,,,,,,,,,,,,,,,,,,,,,,,,1.0,1.0,1.0,,,,1.0,1.0,2.0,,,,,,,,,,1.0,,,,7.0,1.0,,,,,,2.0,1.0,,,,,,1.0,1.0,1.0,1.0,,,,,1.0,,2.0,,1.0,,,,,1.0,,,,,,,,,2.0,1.0,2.0,,3.0,,,,,,,,2.0,2.0,2.0,,,,,1.0,4.0,1.0,,,,,2.0,,,,1.0,5.0,,,,,,,,,,,2.0,1.0,1.0,,,,,1.0,,6.0,16.0,2.0,,,3.0,2.0,4.0,,3.0,,3.0,12.0,3.0,1.0,,,,,1.0,4.0,2.0,,,1.0,,,2.0,3.0,2.0,9.0,1.0,1.0,4.0,2.0,4.0,3.0
44,,,,,,,,,,,,,,,,,,,,3.0,1.0,,,,,,,,,,,,2.0,1.0,,1.0,,1.0,3.0,4.0,15.0,12,27.0,15,16.0,15.0,,,,6.0,3.0,12.0,5.0,4.0,7.0,,1.0,1.0,23,27,27.0,,,1.0,1.0,14.0,1.0,,,,,,32,34,33.0,,,,,,,,,,34,35,47.0,,,,,,,,,1.0,,,1.0,1.0,2.0,8.0,4.0,,,,32,26,41.0,,,,,,,1.0,,34,34,47.0,,,,8.0,5.0,10.0,20,24,31.0,6.0,6.0,6.0,,,,,,,,,,,,,,,,,,,,2.0,,,,,,,,,,,,,,,,,,,,,,,,,,,,,,,,,,,,,,,,,,,,,,,,,,,,,,,,,,,,,,,,,,,,,,,,,,,,,,,,,,,,,,,,,,,,,,,,,,,,,,,,,,,,1.0,,,,,,,,,2.0,,,,,,,,,,,,,,,,,,,,,,,,,,,,2.0,,,,,,,,,,1.0,,,,,,,,,2.0,,,,,,,,,,,,,,,,,,,,,,,,,,,,,,,,,,,,,,2.0,1.0,,,,,,1.0,,,,,,,,3.0,,,,,,,,,1.0,,,,,,,1.0,,,,,,,,,,,,,1.0,,,,2.0,,,,,,,,,,,1.0,,,2.0,,,,,,,,,,,,,,1.0,,,,,,,,,1.0,3.0,,,,,,,,,,,,,,,,,,,,,,1.0,1.0,2.0,,,,,,,1.0,3.0,6.0,,,,,,,,,1.0,3.0,1.0,,,,,2.0,1.0,2.0,2.0,2.0,,3.0,,,,3.0,,,,3.0,,2.0,,,2.0,,,,,1.0,,,,,,2.0,4.0,,11.0,8.0,3.0,,,8.0,5.0,9.0,,,,6.0,2.0,1.0,,,,,,,2.0,1.0,,,,,,,1.0,3.0,,,,4.0,2.0,2.0,9.0
45,,,,,,,,,,,,,,,1.0,,,,,1.0,,,,,,,,1.0,,,,6.0,2.0,2.0,3.0,7.0,,3.0,1.0,1.0,28.0,22,15.0,33,56.0,49.0,1.0,,,3.0,6.0,6.0,14.0,16.0,7.0,,5.0,,56,62,55.0,,,3.0,3.0,4.0,1.0,1.0,1.0,1.0,4.0,,69,81,63.0,,,,,,,1.0,5.0,,73,84,68.0,,,,,,,,,,,3.0,1.0,,3.0,3.0,10.0,1.0,1.0,,67,84,58.0,,,,,,1.0,4.0,,73,85,68.0,,,,14.0,16.0,10.0,48,51,37.0,12.0,22.0,21.0,,,,,1.0,,,,,,,,,,,,,,,,,,,,,,,,,,,,,,,,,,,,,,,,,,,,,,,,,,1.0,,,,,,,,,,,,,,,,,,,,,,,,,,,,,,,,,,2.0,,,,,,,2.0,,,,,1.0,1.0,,,,,,,,,,3.0,,,,,,,,,,,,1.0,,,,,,,,,,,,,,1.0,,,,,,,,,,,,,,,,,,,2.0,,,,,,,,,,,,1.0,,,,,,,,,,,,,,,,,,,,,,,,,,,,,,,,,3.0,,,,1.0,,,1.0,,,,,,,,,,,,,,,,,1.0,,,1.0,,,,,,,,,,,,,,,,,,,,2.0,,,,,,1.0,,,,1.0,,,1.0,,,,,,,,,,,,,,,,,1.0,3.0,,,1.0,1.0,1.0,,,,,,1.0,,1.0,,4.0,,,4.0,4.0,,1.0,,1.0,1.0,,2.0,3.0,,,,,2.0,3.0,1.0,,,,,1.0,2.0,,1.0,,,,,,,,3.0,6.0,,1.0,,1.0,,,2.0,5.0,2.0,8.0,,1.0,,,,1.0,,,,5.0,3.0,1.0,2.0,2.0,5.0,7.0,5.0,4.0,8.0,2.0,1.0,,3.0,,9.0,6.0,,1.0,,,4.0,1.0,,,,,,,,1.0,,1.0,,2.0,5.0,2.0,,,11.0,12.0,15.0,,,10.0,8.0,6.0,,,2.0,8.0,2.0,10.0,,,,,,1.0,1.0,1.0,,,,,,,1.0,1.0,3.0,7.0,6.0,2.0,4.0,7.0,10.0
46,,,,,,,,,,,,,,,,,,,,,,,,1.0,,,,,,,,,1.0,3.0,,1.0,1.0,2.0,1.0,4.0,6.0,16,7.0,13,20.0,21.0,,1.0,,3.0,2.0,6.0,1.0,6.0,8.0,,,,17,30,22.0,,,1.0,2.0,4.0,,,,,1.0,1.0,20,37,31.0,,,,,,,,,1.0,21,40,35.0,,,,,,,,,,,,4.0,2.0,1.0,8.0,6.0,,,1.0,20,28,27.0,,,,,,,1.0,1.0,21,39,35.0,,1.0,4.0,10.0,4.0,8.0,7,22,18.0,4.0,13.0,6.0,,,,,,,,,,,,,,,,,,,,,,,,,,,,,,,,,,,,,,,,,,,,,,,,,,,,,,,,,,,,,,,,,,,,,,,,,,,,,,,,,,,,,,,,,,,,,,,,,,,,,,,,,,,,,,,,,,,,,,,,,,,,,,,,,,,,,,,,,,,,,,,,,,,,,,1.0,,,,,,,,,,,,,,,,,,,,,,,,,,,,,,,,,,,,,,,,,,,,,,,,,,,,2.0,,,,,,,,,,,,,,,,,,1.0,,,,,,,,,,,,,,,,,,,,,,,,,,,,,,,,,,1.0,,,2.0,,,,,1.0,,,,,,,,,,,2.0,,1.0,,,,,,,1.0,2.0,,,,,,,1.0,,,,,,,,4.0,1.0,,,,,,,2.0,,,,,,,2.0,,,,2.0,,,,1.0,,3.0,,,,,,,,3.0,,,,,,,,1.0,6.0,8.0,,1.0,,,,,,1.0,,,3.0,,,1.0,,5.0,,1.0,2.0,,2.0,3.0,,,,,,,1.0,1.0,,,,,,,,,,4.0,,,,,1.0,,2.0,,2.0,9.0,1.0,,,,6.0,8.0,1.0,,,,,,,,,,,,1.0,1.0,1.0,,2.0,,,,3.0,,1.0,1.0,2.0,6.0,6.0,,
47,,,,,,,,,,,,,,,,,,,,,,,,,,,,,2.0,,,1.0,2.0,3.0,,2.0,,,3.0,1.0,13.0,16,12.0,11,23.0,17.0,,,,1.0,4.0,8.0,4.0,8.0,8.0,2.0,,1.0,20,34,16.0,,,2.0,,4.0,,,,,1.0,1.0,25,45,28.0,,,,,,,,1.0,,27,45,33.0,,,,,,,,,,,,,,6.0,2.0,1.0,,,2.0,21,44,30.0,,,,,,1.0,,,26,46,33.0,,,1.0,8.0,7.0,11.0,12,21,18.0,7.0,18.0,3.0,,,,,,,,,,,,,,,,,,,,,,,,,,,,,,,,,,,,,,,,,,,,,,,,,,,,,,,,,,,,,,,,,,,,,,,,,,,,,,,,,,,,,,,,,,,,,,,,,,,,,,,,,,,,,,,,,,,,,,,,,,,,,,,1.0,,,,,,,1.0,,,2.0,,,,,,1.0,,,,2.0,,,,,,,,,,,,,,,,,,,,,,,,,,,,,,,,,,,,,,,,1.0,,,,,,,,,,,,,,,,,,,,,,1.0,,,,2.0,1.0,,,,,,,,,,,,,,,,,,,,,,,,,,,,,,,,,,,1.0,,,1.0,,,,,,,,,,,,,,,,1.0,,,,,,,,,,1.0,,1.0,1.0,,1.0,,,,,2.0,,,,,,1.0,,,,3.0,1.0,2.0,,,,,,,1.0,1.0,,,5.0,,6.0,2.0,,,2.0,,,2.0,,,,,3.0,,,,,,1.0,,,,,,,2.0,3.0,7.0,4.0,,2.0,,,,,,,,1.0,2.0,,,,,1.0,1.0,,,2.0,1.0,,,,,,,,1.0,,,,,,1.0,,,,,,,,,1.0,1.0,,2.0,,4.0,13.0,6.0,,2.0,4.0,5.0,3.0,,,,2.0,1.0,,,,,,,1.0,1.0,,,,,,,,1.0,4.0,2.0,,2.0,1.0,5.0,,2.0
48,,,,,,,,,,,,,,,,,,,,,,,,,,,,,,,,,,,,,,,3.0,2.0,11.0,12,11.0,17,18.0,12.0,1.0,,2.0,1.0,3.0,3.0,1.0,6.0,4.0,,2.0,1.0,25,22,15.0,,,1.0,,2.0,1.0,,3.0,,,,26,33,20.0,,,,,,,,,,28,33,25.0,,,,,,,,,,,1.0,,,2.0,4.0,4.0,,,,25,29,21.0,,,,,,,,,28,33,25.0,,,,1.0,5.0,6.0,22,21,17.0,5.0,7.0,2.0,,,,,,,,,,,,,,,,,,,,,,,,,,,,,,,,,,,,,,,,,,1.0,,,,,,,,,,,,,,,,,,,,,,,,,,,,,,,,,,,,,,,,,,,,,,,,,,,,,,,,,,,,,,,,,,,,,,,,,,,,,,,,,,,,,,,,,,,,,,,,,,,,,,,,,,,,,,,,,,,,,,,,,,,,,,,,,,,,,,,1.0,,,,,,,,,,,,,,,,,,,,,,,,,,,,,,,,,1.0,,,,,,,,,,,,,,,,,,,,,,,1.0,,,,,,,,,,,,,,,,,,,,2.0,2.0,,,1.0,,,,1.0,,,,,,,,,,,,,,,,,,,1.0,,,,1.0,,1.0,,,,,,,,,,,,3.0,1.0,3.0,,,,,,1.0,1.0,,,,,,,,,,,,,,,,1.0,,,,,,,1.0,,,,,,,,,2.0,5.0,5.0,,,,,,,,,2.0,1.0,3.0,,,,,1.0,,2.0,,,,1.0,,,,,,4.0,,,,,,,2.0,,,,,,,,2.0,,1.0,1.0,1.0,,7.0,12.0,2.0,,,2.0,3.0,2.0,,1.0,1.0,3.0,,3.0,,,,,,,,2.0,,,,,,,1.0,,1.0,2.0,3.0,1.0,,,
49,,,,,,,,,,,,,,,,,,,,,,3.0,,,,,2.0,2.0,,1.0,3.0,1.0,2.0,3.0,,1.0,2.0,2.0,4.0,6.0,42.0,34,17.0,25,39.0,30.0,1.0,,,9.0,9.0,11.0,5.0,20.0,10.0,1.0,,2.0,54,54,43.0,,,4.0,5.0,2.0,,1.0,1.0,,1.0,,66,76,63.0,,,,,,,,1.0,,70,82,66.0,,,,,1.0,,,2.0,,,2.0,1.0,,11.0,6.0,8.0,,1.0,,57,72,58.0,,,,,,1.0,1.0,,69,82,66.0,,,,18.0,20.0,20.0,42,44,34.0,10.0,19.0,12.0,1.0,,,,,,,,,,,,,,,,,,,,,,,,,,,,,,,,,,,,,,,,,,,,,,,,,,,,,,,,,,,,,,,,,,,,,,,1.0,,,,,,,,,,,,,,,,,,,,,,,,,,,,,,,,,,,,,,,,,,,,,,,,1.0,,,,,,,2.0,,,,,,,,,,,,,,,,,,,,,,,,,,,,,1.0,,,,,,,,1.0,,,,,,,,,,,1.0,,1.0,,,,,,,,,2.0,,,,,,,,,,,,,,,,,,,,,,,2.0,,,,,,,,,,,,,,1.0,,,,,,,5.0,,1.0,1.0,1.0,,,,,,,,,,,,,,1.0,,,,,2.0,5.0,,,,,2.0,,,,,,,,,,,,,,,2.0,,,,1.0,,2.0,1.0,,3.0,,3.0,,,,,,,,1.0,1.0,1.0,,,1.0,1.0,1.0,,,,,,1.0,,,,1.0,,,1.0,2.0,,,1.0,,,,,1.0,1.0,1.0,1.0,,,,,,,,,,,,1.0,,1.0,3.0,4.0,,,1.0,,,,,,,8.0,,,,1.0,,5.0,3.0,4.0,6.0,4.0,,,,3.0,2.0,,3.0,,,,,3.0,1.0,,,1.0,,,2.0,5.0,,,1.0,,4.0,1.0,5.0,,6.0,10.0,9.0,,,13.0,7.0,9.0,,,,3.0,2.0,5.0,,,,,,3.0,1.0,2.0,,,1.0,,,,4.0,9.0,9.0,2.0,3.0,4.0,6.0,10.0,1.0
50,,,,,,,,,,,,,,,,,,,,1.0,,1.0,,,,,,,,,,1.0,,,3.0,1.0,2.0,1.0,2.0,2.0,4.0,10,4.0,17,24.0,9.0,,,,3.0,2.0,3.0,5.0,7.0,4.0,1.0,2.0,,18,26,11.0,,,,1.0,,,,1.0,1.0,,,26,36,17.0,,,,,,,1.0,,,26,37,18.0,,,,,,,,,,,,1.0,,2.0,2.0,2.0,2.0,,,23,34,16.0,,,,,,2.0,2.0,,25,35,18.0,,,,5.0,5.0,3.0,10,20,14.0,12.0,12.0,1.0,,,,,,,,,,,,,,,,,,,,,,,,,,,,,,,,,,,,,,,,,,,,,,,,,,,,,,,,,,,,,,,,,,,,,,,,,,,,,,,,,,,,,,,,,,,,,,,,,,,,,,,,,,,,,,,,,,,,,,,,,,,,,,,,,,,,,,,,,,,,,,,,,,,,,,,,,,,,,,,,,,,,,,,,,,,,,,,,,,,,,,,,,,,,,,,,,,,,,,,,,,,,,,,,,,,,,,,,,,,,,,,,,,,,,,,,,,,,,,,,,,,1.0,,,,,,,,,,1.0,,,1.0,1.0,,,,,,1.0,,,,,,,,,,,,,,,,,,2.0,1.0,2.0,,,,,,,,,,,,,1.0,,2.0,1.0,5.0,,,,,,,1.0,,,,,,4.0,,,,1.0,,,,,2.0,,,,,,,,1.0,,,,,,,,,3.0,3.0,2.0,,,,,,,,,,2.0,,,,,,,2.0,2.0,3.0,,1.0,2.0,,,,,,,,,1.0,,,,,,,,1.0,,,,,,,,3.0,1.0,6.0,14.0,3.0,,,1.0,4.0,1.0,,2.0,,4.0,1.0,,,,,,,2.0,,2.0,,,,,,,2.0,2.0,1.0,1.0,1.0,1.0,6.0,1.0,3.0
51,,,,,,,,,,,,,,,,,,,,,,,,,,,,,,,,1.0,1.0,,,1.0,,,,3.0,9.0,7,4.0,18,5.0,18.0,,,,3.0,1.0,5.0,1.0,3.0,4.0,,,,24,10,16.0,,,,,1.0,1.0,,,,,,27,14,24.0,,,,,,,,,,28,14,25.0,,,,,,,,,,,,1.0,,2.0,1.0,1.0,,,,26,12,24.0,,,,,,,,,28,14,25.0,,,,4.0,,3.0,19,11,17.0,5.0,3.0,5.0,,,,,,,,,,,,,,,,,,,,,,,,,,,,,,,,,,,,,,,,,,,,,,,,,,,,,,,,,,,,,,,,,,,,,,,,,,,,,,,,,,,,,,,,,,,,,,,,,,,,,,,,,,,,,,,,,,,,,,,,,,,,,,,,,,,,,,,,,1.0,,,,,,,,,,,,,,,,,,,,,,,,,,,,,,,,,,,,,,,,,,,,,,,,,,,,,,,,,,,,,,,,,,,,,,,,,,,,,,,,,,,,,,,,,,,,,,,,,1.0,,,,,,,,,,,,,,1.0,,,,,,,,,,,,,,,,,1.0,,,,,,,,,,,,,,,1.0,,,3.0,,,,,,,,,,,,,,,4.0,,2.0,,,,,,,,,,,,,,1.0,,,,,,,,,,,,,,,,,,2.0,,,,,,,1.0,7.0,,,,,,,,,,,,,,,,1.0,,,2.0,,,,2.0,,1.0,,,,,,,,,,,,,,,,,,,,,,,1.0,,6.0,4.0,1.0,,,1.0,1.0,5.0,1.0,,,5.0,,6.0,,,,,,,1.0,1.0,,,,,,,1.0,,,,2.0,3.0,1.0,,3.0
52,,,,,,,,,,,,,,,,,,,,,,,,,,,,1.0,,,,1.0,1.0,1.0,1.0,,1.0,4.0,2.0,,10.0,4,7.0,16,11.0,13.0,,,1.0,3.0,1.0,1.0,2.0,4.0,4.0,,,,27,13,17.0,,,2.0,2.0,1.0,,,,,,1.0,30,16,21.0,,,,,,,,,1.0,32,18,22.0,,,,,,,,,,,,,,3.0,1.0,2.0,,,1.0,29,17,20.0,,,,,,,,2.0,32,18,21.0,,,,3.0,4.0,4.0,22,11,13.0,7.0,3.0,6.0,,,,,,,,,,,,,,,,,,,,,,,,,,,,,,,,,,,,,,,,,,,,,,,,1.0,,,,,,,,,,,,,,,,,,,,,,,,,,,,,,,,,,,,,,,,,,,,,,,,,,,,,,,,,,,,,,,,,,,,,,,,,,,,,,,,,,1.0,,,,,,,,,,,,,,,,,,,,,,,,,,,,,,,,,,,,,,,,,,,,,,,,,,,,,,,,,,,,,,,,,,,,,,,,,,,,,,,,,,,,,,,,,,,,,,,,,,,,,,,,,,,,,,,,,,,,,,,,1.0,,,,,,2.0,,1.0,,,,,,1.0,1.0,,,,,,,,,,,,1.0,,,1.0,,,,1.0,,1.0,,,,,,,,,,,,1.0,,1.0,,1.0,,,,,1.0,1.0,,,,,2.0,,,,,,,,1.0,1.0,,,,,,,,,,,1.0,,,,,,1.0,3.0,1.0,,,,,,,,,,1.0,,,,,,,,2.0,1.0,2.0,,,,,,,,,,,1.0,,,,,,,,1.0,,1.0,,,,,,,,5.0,8.0,4.0,,,,,2.0,,,,7.0,,2.0,,,,,,1.0,1.0,1.0,,,,,,,,,2.0,2.0,,2.0,5.0,1.0,3.0
